No,Keyword,Search Volume,CPC,Paid Difficulty,Search Difficulty
1,ไก่ชน,40500,฿12.63,74,55
2,ชนไก่,880,฿2.22,44,56
3,แทง ไก่ชน,140,฿13.20,20,46
4,ไก่ชน อินเตอร์,18100,฿0,27,30
5,ไก่ชน พม่าตีตา,18100,฿20.48,80,33
6,ถ่ายทอดสด ไก่ชน,18100,฿0,1,45
7,ไก่ชน พม่า,18100,฿1.86,50,42
8,ไก่ชน พม่า รำวง,18100,฿25.64,78,62
9,ลาบ ไก่ชน,8100,฿0,1,62
10,ไก่ชน ลำพูน,8100,฿0,1,50
11,ปีก ไก่ชน,8100,฿30.81,80,45
12,ไก่ชน เงินล้าน,5400,฿14.16,86,58
13,ไก่ชน เงินล้าน ถ่ายทอดสด ล่าสุด 2564,5400,฿0,1,27
14,ไก่ชน เงิน ล้าน ถ่ายทอด สด ล่าสุด 2564,5400,฿0,1,27
15,เทป ไก่ชน เงินล้าน ทุก สนาม,5400,฿0,1,33
16,เพจ ถ่ายทอดสด ไก่ชน วันนี้,4400,฿0,1,38
17,เสียง ไก่ชน,4400,฿13.59,83,95
18,วงใน ไก่ชน,4400,฿0,1,32
19,ไก่ชน เงินล้าน ถ่ายทอดสดล่าสุด 2565,4400,฿0,1,34
20,ยา ไก่ชน,3600,฿3.06,97,64
21,ไก่ชน ออนไลน์,3600,฿11.29,4,41
22,ไก่ชน png,3600,฿0,1,59
23,แม่ ไก่ชน,3600,฿2.20,14,42
24,เทปบันทึก ไก่ชน ล่าสุด,3600,฿0,1,24
25,ไก่ชน เหลืองหางขาว,2900,฿0.58,1,82
26,ไก่ชน สด,2900,฿7.65,1,35
27,ไก่ชน เงินล้าน ถ่ายทอดสด ล่าสุด 2565,2900,฿0,1,32
28,กรง ไก่ชน,2900,฿4.21,100,47
29,ไก่ชน ไทย,2900,฿1.96,26,38
30,ไก่ชน ตัวผู้,2900,฿7.85,42,52
31,ไลฟ์สด ไก่ชน,2900,฿0,1,40
32,ไก่ชน ญี่ปุ่น,2400,฿0,79,58
33,เลี้ยง ไก่ชน,2400,฿13.59,70,50
34,รอย ลาย ไก่ชน,2400,฿0,1,90
35,ไก่ชน แดง,2400,฿23.54,2,48
36,ถ่ายทอดสด ไก่ชน สนามมหาลาภ วันนี้,2400,฿0,1,49
37,กวินธิดา ไก่ชน,2400,฿0,1,49
38,เทป ไก่ชน เงินล้าน ล่าสุด,2400,฿0,1,25
39,รุ ป ไก่ชน,2400,฿0.81,5,76
40,ไก่ชน ใต้,2400,฿0,1,68
41,ไลฟ์ สด ไก่ชน,2400,฿0,1,41
42,ถ่ายทอดสด ไก่ชน สนาม มหาลาภ วันนี้,2400,฿0,1,32
43,ถ่ายทอดสด ไก่ชน วันนี้,2400,฿0,1,46
44,ไก่ชน เยียร์,2400,฿1.08,17,54
45,ถ่ายทอดสด ไก่ชน สนาม มหาลาภ,1900,฿0,1,41
46,ไก่ชน ล่าสุด วันนี้,1900,฿0,1,36
47,ไก่ชน ป่า ก อ๋ ย,1900,฿0.11,3,58
48,ไก่ชน ป่า ก่อ ย,1900,฿0.11,3,65
49,ขี้ ไก่ชน,1900,฿3.64,80,66
50,ไก่ชน สวย ๆ,1900,฿0,83,81
51,ไก่ชน ป่า ก๋อย,1900,฿0.11,3,65
52,ถ่ายทอดสด ไก่ชน สนามมหาลาภ,1900,฿0,1,53
53,ผล ไก่ชน วันนี้,1600,฿0,1,37
54,ราคา ไก่ชน,1600,฿4.75,40,47
55,ไก่ชน70ล้าน,1600,฿0,51,81
56,ไฮไลท์ ไก่ชน,1600,฿0,1,36
57,ไฮ ไลท์ ไก่ชน,1600,฿0,1,31
58,ไฮ ไล ท์ ไก่ชน,1600,฿0,1,5
59,ฟ ราม ไก่ชน,1600,฿1.44,6,56
60,ไก่ชน ป่าก๋อย,1600,฿0,56,47
61,การเลี้ยง ไก่ชน,1600,฿2.72,41,42
62,ไก่ชน เงินล้าน สนามเทิดไท ล่าสุด,1600,฿0,1,57
63,เทป ไก่ชน เงินล้าน ล่าสุด 2565,1600,฿0,1,33
64,ไก่ชน 70 ล้าน,1600,฿0,51,79
65,ยาบำรุง ไก่ชน,1300,฿2.77,99,38
66,ถ่ายทอด สด ไก่ชน วัน นี้ สนาม เทิด ไท,1300,฿0,1,39
67,ไก่ชน พม่า100,1300,฿1.66,85,43
68,เล้า ไก่ชน มาตรฐาน,1300,฿0,97,28
69,สังเวียน ไก่ชน,1300,฿1.91,100,41
70,ไก่ชน พม่ารําวง,1300,฿0.06,3,48
71,พันธุ์ ไก่ชน,1300,฿9.19,67,46
72,สายพันธุ์ ไก่ชน,1000,฿0.71,20,34
73,โลโก้ ไก่ชน โหด ๆ,1000,฿0,75,75
74,ดู ไก่ชน ออนไลน์,1000,฿7.85,1,26
75,ตั้งชื่อ ไก่ชน,1000,฿0,40,65
76,ลู่ วิ่ง ไก่ชน,1000,฿3.25,100,58
77,ไก่ชน ยัก,1000,฿1.89,34,63
78,ไก่ชน พม่าง่อน,1000,฿2.20,62,57
79,ถ่ายทอดสด ไก่ชน ipm วันนี้,1000,฿0,1,44
80,ซื้อ ไก่ชน,1000,฿22.01,83,38
81,ถ่ายทอดสด ไก่ชน ล่าสุด,1000,฿0,1,29
82,ไก่ชน วันนี้,1000,฿0,1,49
83,โรงเรือน เลี้ยง ไก่ชน,1000,฿66.78,84,29
84,ดู ไก่ชน สดวันนี้,1000,฿0,1,32
85,ยาถ่ายพยาธิ ไก่ชน,1000,฿3.83,100,58
86,ดู ไก่ชน สด วันนี้,1000,฿0,1,27
87,ไก่ชน วัน นี้,1000,฿0,1,49
88,ไก่ชน เหนือ,1000,฿0,1,58
89,รูป ไก่ชน สวย ๆ,1000,฿0.86,10,66
90,ดู ไก่ชน สด,1000,฿0,1,29
91,superfight ไก่ชน,1000,฿0,1,43
92,ซื้อขาย ไก่ชน พม่า,1000,฿0.67,4,36
93,ไก่ชน พม่า ง่อน,1000,฿1.95,90,54
94,ล็อคผสม ไก่ชน,1000,฿0,76,64
95,เกล็ด ไก่ชน,880,฿1.89,22,28
96,ร้านขาย ไก่ชน,880,฿3.18,29,23
97,ไก่ชน เงิน ล้าน ถ่ายทอด สด ล่าสุด 2563,880,฿0,1,27
98,ไก่ชน ตีกัน,880,฿0,75,87
99,ชื่อเล่น ตั้งชื่อ ไก่ชน ตาม สี,880,฿0,23,68
100,เทปบันทึก ไก่ชน,880,฿0,1,26
101,ไก่ชน สี ขาว,880,฿0,79,55
102,super fight ไก่ชน,880,฿8.42,9,41
103,โลโก้ ไก่ชน,880,฿8.47,3,69
104,ยาโด๊ป ไก่ชน,880,฿2.30,100,55
105,อุปกรณ์ ไก่ชน,880,฿1.88,93,31
106,ทีเด็ด ไก่ชน,880,฿0,1,47
107,ร้าน ขาย ไก่ชน,880,฿2.07,22,32
108,เกม ไก่ชน,880,฿7.16,5,44
109,ไก่ชน เปรู,880,฿16.46,90,63
110,ถ่ายทอดสด ไก่ชน สนามทายาทมังกร,880,฿0,1,35
111,ไก่ชน ล,880,฿0,1,19
112,ขาย ไก่ชน ป่าก๋อย,880,฿0,46,29
113,เทป บันทึก ไก่ชน,880,฿0,1,26
114,อาหาร ไก่ชน,880,฿2.87,95,38
115,ไก่ชน ใต้ ถ่ายทอดสด,880,฿0,1,49
116,ไก่ชน เงินล้าน ถ่ายทอดสด ล่าสุด 2563,880,฿0,1,33
117,ถ่ายทอดสด ไก่ชน วันนี้ สนามเทิดไท,880,฿0,1,33
118,ถ่ายทอดสด ไก่ชน วันนี้ สนาม เทิดไท,880,฿0,1,27
119,เพจ ถ่ายทอดสด ไก่ชน,880,฿0,1,33
120,ไก่ชน ใต้ ถ่ายทอด สด,880,฿0,1,49
121,เกมส์ ไก่ชน,880,฿0,1,19
122,วิธีเลี้ยง ไก่ชน,880,฿2.49,81,55
123,ไก่ชน เก่ง,880,฿22.77,80,47
124,ล็อค ผสม ไก่ชน,880,฿6.12,91,38
125,ไก่ชน เงินล้าน สนามเทิดไทล่าสุด 2565,880,฿0,1,37
126,ถ่ายทอดสด ไก่ชน วันนี้ สนาม เทิด ไท,880,฿0,1,27
127,บ้าน ไก่ชน,880,฿1.48,87,63
128,ไล สด ไก่ชน,720,฿0,1,38
129,ไก่ชน พม่า ก๋อย,720,฿2,38,39
130,ลูก ไก่ชน,720,฿3.18,92,43
131,ไก่ชน ถ่ายทอดสด วันนี้,720,฿0,1,29
132,เว็บ ไก่ชน,720,฿17.99,17,33
133,ชื่อ ไก่ชน,720,฿9.23,2,19
134,ไก่ชน cp,720,฿9.57,70,34
135,กรงอนุบาลลูก ไก่ชน,720,฿7.65,99,48
136,ไก่ชน เยียร์แดง,720,฿0,89,66
137,ไก่ชน พม่าก๋อย,720,฿0,5,20
138,ซื้อขาย ไก่ชน ภาคกลาง,720,฿0,62,31
139,ไก่ชน กัน,720,฿0,69,81
140,ที่ ใส่ อาหาร ไก่ชน,720,฿3.06,100,28
141,ป้าย ซุ้ม ไก่ชน,720,฿1.78,38,25
142,ไก่ชน ขาว,720,฿0,73,66
143,ยา บํา รุ ง ไก่ชน,720,฿0.96,100,36
144,ไก่ชน พระนเรศวร,720,฿0,40,47
145,ขาย ไก่ชน ป่า ก๋อย,720,฿11.44,1,6
146,ไก่ชน ประดู่หางดํา,720,฿0,72,46
147,ไก่ชน เหล่า ป่า ก๋อย,720,฿0,1,6
148,ไก่ชน ไซ ง่อน,720,฿0,1,14
149,ไก่ชน ประดู่หาง ดํา,720,฿0,72,44
150,รูป ไก่ชน กราฟฟิก,720,฿0,85,62
151,ไก่ชน เงินล้าน 2564,720,฿0,56,43
152,ดู ไก่ชน ตี กัน,720,฿0.43,10,9
153,ไก่ชน พม่า ป่า ก๋อย,720,฿0,1,6
154,ขายลูก ไก่ชน,720,฿3.42,94,38
155,สนาม ไก่ชน เทิด ไท,720,฿0,1,6
156,ตลาด ซื้อขาย ไก่ชน,720,฿0.47,3,15
157,เทป บันทึก ไก่ชน หยกคีรี,590,฿0,1,43
158,สนาม ไก่ชน เทิดไท,590,฿0,1,66
159,เทป บันทึก ไก่ชน เจ้าซุปเปอร์,590,฿0,1,23
160,แบบ ซุ้ม ไก่ชน,590,฿0,87,45
161,เทป ไก่ชน ย้อน หลัง,590,฿0,1,17
162,ไก่ชน เงินล้าน ถ่ายทอดสด ล่าสุด ฟรี วันนี้,590,฿0,1,21
163,ไก่ชน ภาษาอังกฤษ,590,฿0,1,36
164,ไก่ชน3000,590,฿0,3,43
165,ถ่ายทอดสด ไก่ชน ใต้ วันนี้,590,฿0,1,53
166,ไก่ชน การ์ตูน,590,฿1.73,7,91
167,ยาเลี้ยง ไก่ชน,590,฿1.65,97,40
168,ไก่ชน ป่าก๋อยทุบหลัง,590,฿17.03,89,49
169,คอก ไก่ชน,590,฿1.78,75,31
170,ถ้วยรางวัล ไก่ชน,590,฿19.71,88,54
171,ไก่ชน ลํา พูน ด อ ท คอม,590,฿0,1,5
172,ไก่ชน เงินล้าน ถ่ายทอดสด,590,฿0,1,47
173,ไก่ชน พม่า รํา วง,590,฿2.16,69,60
174,ตํา รา ไก่ชน,590,฿0,95,42
175,ยา บิน ไก่ชน,590,฿3.06,100,44
176,ร้านขาย ยา ไก่ชน ใกล้ ฉัน,590,฿6.51,31,40
177,โปสเตอร์ ไก่ชน,590,฿0,69,51
178,หัว ไก่ชน,590,฿0,59,55
179,ไก่ชน ลำพูน ด อ ท คอม,590,฿0,1,5
180,เทปบันทึก ไก่ชน เจ้า ซุปเปอร์,590,฿0,1,27
181,สุ่ม ไก่ชน ราคา,590,฿3.06,100,38
182,ไก่ชน พม่า สวยๆ,590,฿1.60,46,51
183,ไก่ชน เงิน ล้าน ถ่ายทอด สดล่าสุด ฟรี วันนี้,590,฿0,1,21
184,ไก่ชน เงิน ล้าน ถ่ายทอด สด,590,฿0,1,47
185,ร้านขายอาหาร ไก่ชน ใกล้ ฉัน,590,฿0,83,42
186,www ตลาด ไก่ชน หนุ่ม โรง หมี่ com,590,฿0,1,29
187,ไก่ชน พม่า สวย ๆ,590,฿1.60,46,49
188,เทปบันทึก ไก่ชน เจ้าซุปเปอร์,590,฿0,1,27
189,ภาพ ไก่ชน,590,฿0,83,81
190,อาหาร ไก่ชน เบ ทา โก ร,590,฿7.27,95,37
191,แวดวง ไก่ชน ถ่ายทอด สด วัน นี้,590,฿4.66,1,6
192,สนาม ไก่ชน,590,฿0.60,7,21
193,ถ่ายทอดสด ไก่ชน สนามบางเลน,590,฿0,1,36
194,โรงเรือน ไก่ชน ราคา,590,฿0,89,45
195,วิธีการเลี้ยง ไก่ชน,480,฿24.68,25,35
196,ซื้อขาย ไก่ชน ป่าก๋อย,480,฿1.45,11,23
197,ไก่ชน ป่าก๋อย ทุบหลัง,480,฿0,94,36
198,แข้ง ไก่ชน,480,฿0,52,44
199,ตำรา ไก่ชน,480,฿11.86,91,30
200,ไก่ชน แท้,480,฿0,94,48
201,ไก่ชน ง่อน,480,฿3.70,3,20
202,ไก่ชน พม่า รําวง,480,฿0,56,30
203,ขาย ไก่ชน เก็บเงิน ปลายทาง,480,฿6.70,99,43
204,ไก่ชน ภาค ใต้,480,฿0.56,1,14
205,ไก่ชน สี เทา,480,฿0,8,16
206,ไก่ชน เงิน ล้าน ถ่ายทอด สด ล่าสุด,480,฿0,1,45
207,คลิป ไก่ชน เงินล้าน,480,฿0,2,48
208,เกมส์ เลี้ยง ไก่ชน,480,฿50.69,1,18
209,ไก่ชน เก่งที่สุด,480,฿0,59,55
210,ยา ไก่ชน ตีแรง,480,฿5.55,98,55
211,ยา ไก่ชน ตี แรง,480,฿5.55,98,55
212,ช่อง61ไก่ชน สด,480,฿0,1,45
213,ไก่ชน ราคา,480,฿6.37,53,51
214,อาหารลูก ไก่ชน,480,฿4.78,100,56
215,เกมเลี้ยง ไก่ชน,480,฿10.72,1,50
216,ถ่ายทอด สด ไก่ชน 33 ล้าน,480,฿0,1,42
217,ไก่ชน 33 ล้าน,480,฿0,91,58
218,ฝัน เห็น ไก่ชน,480,฿0,1,50
219,วิธี การเลี้ยง ไก่ชน,480,฿24.68,25,35
220,ไก่ชน กินอะไร,480,฿0,11,38
221,ไก่ชน พระ นเรศวร,480,฿0.37,5,15
222,ยา ไก่ชน ลำปำ,480,฿2.87,100,44
223,ธาดา พงศ์ ไก่ชน,480,฿0,1,49
224,ไก่ชน เงิน ล้าน ถ่ายทอด สดล่าสุด,480,฿0,1,45
225,ไก่ชน กิน อะไร,480,฿0,11,29
226,ไก่ชน ธาดาพงศ์,480,฿0,1,36
227,ถ่ายทอดสด ไก่ชน 33 ล้าน,480,฿0,1,27
228,สมุนไพร ไก่ชน,480,฿0,89,57
229,เพจ ถ่ายทอดสด ไก่ชน บางเลน,480,฿0,1,30
230,ไก่ชน เงินล้าน ถ่ายทอดสด ล่าสุด,480,฿0,1,45
231,ช่อง 61 ไก่ชน สด,480,฿0,1,45
232,ไก่ชน พม่า แข้ง หน้า จัด,480,฿3.02,92,64
233,ไก่ชน ตลก,480,฿0,21,53
234,ฝันเห็น ไก่ชน,480,฿0,1,50
235,ไก่ชน 3000,480,฿0,1,19
236,ไก่ชน ธาดา พงศ์,480,฿0,1,34
237,ราคา ต่อ รอง ไก่ชน,480,฿0,18,44
238,ภาพพื้นหลัง ไก่ชน สวย ๆ,480,฿0,56,70
239,ขาย ไก่ชน ราคา 500,480,฿0.57,98,45
240,ร้าน ขาย อาหาร ไก่ชน,480,฿5.17,73,31
241,ขาย ลูก ไก่ชน,480,฿5.55,100,40
242,ไก่ชน33ล้าน,390,฿0,75,63
243,สนาม ไก่ชน บางเลน,390,฿0,1,63
244,ไก่ชน เป็น หวัด,390,฿3.06,97,65
245,ถ่ายทอดสด ไก่ชน ทุกสังเวียนดัง,390,฿0,1,28
246,แคลเซียม ไก่ชน,390,฿3.14,98,32
247,ไก่ชน 50 ล้านถ่ายทอดสด,390,฿0,1,44
248,ยา แก้ หวัด ไก่ชน,390,฿3.25,100,48
249,ไก่ชน แคระ,390,฿1.74,38,45
250,เทปบันทึก ไก่ชน เทิด ไท,390,฿0,1,17
251,ไก่ชน เหล่าป่าก๋อย,390,฿0,74,72
252,ค ริ ป ตอน ชน ของ ไก่ชน เงินล้าน สนามเทิดไท,390,฿0,1,47
253,ไก่ชน สาย พันธุ์ ป่าก๋อย,390,฿1.70,42,27
254,ไก่ชน ล่าสุด 2021,390,฿0,14,49
255,ไก่ชน ออกไข่,390,฿0,73,51
256,ไก่ชน พม่า ลำพูน,390,฿0,43,26
257,วิธีเลี้ยง ไก่ชน ให้ สมบูรณ์,390,฿0,85,46
258,อุปกรณ์เลี้ยง ไก่ชน,390,฿4.70,78,35
259,ไก่ชน ยักษ์ บราซิล,390,฿0,26,42
260,ดู ไก่ชน ย้อน หลัง,390,฿0,1,26
261,ตั้งชื่อ ไก่ชน พม่า,390,฿0,75,58
262,ไก่ชน สีเหลือง,390,฿0,73,51
263,เทป ไก่ชน 70 ล้าน,390,฿0,1,53
264,ลายสัก ไก่ชน,390,฿0,83,67
265,ไก่ชน สีเทา,390,฿0,30,64
266,ชื้อ ขาย ไก่ชน,390,฿0,8,16
267,ถ่ายทอด สด ไก่ชน ทุก สังเวียน ดัง,390,฿0,1,27
268,ไก่ชน สี เหลือง,390,฿2.54,25,49
269,ฟาร์ม ไก่ชน ใกล้ ฉัน,390,฿0,26,48
270,ไก่ชน vector,390,฿0,30,69
271,เทปบันทึก ไก่ชน เทิดไท,390,฿0,1,17
272,ภาพวาด ไก่ชน สวย ๆ,390,฿0,93,62
273,ยา กําลัง ไก่ชน,390,฿1.45,100,44
274,เทป บันทึก ไก่ชน เทิด ไท,390,฿0,1,17
275,ไก่ชน ภาคใต้,390,฿0,41,57
276,วิธีเลี้ยง ไก่ชน ให้สมบูรณ์,390,฿0,85,46
277,วิธี เลี้ยง ไก่ชน ให้สมบูรณ์,390,฿0,85,37
278,วิธี เลี้ยง ไก่ชน ให้ สมบูรณ์,390,฿0,85,46
279,ชื้อ ขาย ไก่ชน พม่า,390,฿1.33,1,6
280,อายุ ไก่ชน,390,฿0,1,38
281,ไก่ชน 50 ล้าน ถ่ายทอดสด,390,฿0,1,44
282,ไก่ชน ลำพูน ป่าก๋อย,390,฿0,57,46
283,ไก่ชน คู่ 70 ล้าน ถ่ายทอดสด,390,฿0,1,35
284,ผล ไก่ชน,390,฿0,3,36
285,ดู ไก่ชน เงิน ล้าน,390,฿0.92,15,10
286,นวม ไก่ชน,390,฿2.33,98,45
287,ไก่ชน ไทย โบราณ,390,฿0,89,70
288,ไก่ชน ตัวละ 300,390,฿0,96,42
289,ไก่ชน50ล้านถ่ายทอดสด,390,฿0,1,45
290,ไก่ชน พม่า แข้งหน้าจัด แม่น หู,390,฿0,96,51
291,ชื่อ ไก่ชน มงคล,390,฿0,37,72
292,ไก่ชน พม่า ป่าก๋อย,390,฿0,74,59
293,หา ไก่ชน,390,฿0,25,41
294,ไก่ชน ตัว ละ 300,390,฿0,96,43
295,ไก่ชน ป่วย,390,฿13.20,74,53
296,ถ่ายทอดสด ไก่ชน ทุก สังเวียนดัง,390,฿0,1,28
297,ไก่ชน 50ล้าน ถ่ายทอดสด,390,฿0,1,45
298,ดู ไก่ชน ออนไลน์ ฟรี,390,฿0,1,28
299,ชื่อ ไก่ชน ดัง ๆ,390,฿0,94,32
300,ไก่ชน หางยาว,390,฿1.15,15,49
301,ไก่ชน พม่าแข้งหน้าจัด แม่น หู,390,฿0,96,59
302,ขาย ไก่ชน ตัวละ 1000,390,฿3.06,96,42
303,ร้าน ขายอุปกรณ์ ไก่ชน ใกล้ ฉัน,390,฿0,69,36
304,เทป บันทึก ไก่ชน ล่าสุด สนามทายาทมังกร,390,฿0,1,35
305,ราคาต่อรอง ไก่ชน,390,฿0,2,35
306,สาย พันธุ์ ไก่ชน ทั่วโลก,320,฿1.05,26,48
307,ไก่ชน อินโดนีเซีย,320,฿0,82,36
308,สี ไก่ชน,320,฿0,75,46
309,ไก่ชน อินเดีย,320,฿0,5,71
310,ไก่ชน คือ,320,฿0,1,49
311,โลโก้ รูป ไก่ชน,320,฿0,76,71
312,ไก่ชน 3 เดือน,320,฿0,34,38
313,ไก่ชน ใต้ สวย ๆ,320,฿0,92,80
314,ไก่ชน พม่าแข้งหน้าจัด,320,฿0,87,69
315,ไก่ชน เทิด ไท,320,฿0,1,14
316,ไก่ชน ชี,320,฿0.89,3,20
317,ไก่ชน 5 เดือน,320,฿0,32,40
318,ไก่ชน ล้าน,320,฿0,60,80
319,ยา ไก่ชน ลํา ปํา,320,฿4.88,99,35
320,ไก่ชน ของเล่น,320,฿5.17,94,61
321,ทำเล้า ไก่ชน,320,฿0,93,74
322,ไก่ชน kaidee,320,฿0.42,1,19
323,รูปภาพ ไก่ชน พม่า,320,฿0,91,51
324,ไก่ชน แก้บน,320,฿9.19,99,50
325,ไก่ชน ใต้ เงินล้าน,320,฿0,40,70
326,ยาแก้อักเสบ ไก่ชน,320,฿4.59,99,46
327,ไก่ชน ภาค เหนือ,320,฿0,28,36
328,ซุ้ม ไก่ชน ธาดา พงศ,320,฿0,1,28
329,ไก่ชน สี เขียว,320,฿0,9,45
330,ขาย ดี ไก่ชน,320,฿0,60,45
331,ไก่ชน โคราช,320,฿0,14,60
332,อาหาร ไก่ชน cp,320,฿4.02,96,34
333,ไก่ชน อ้วน,320,฿0,2,68
334,ภาพ ไก่ชน สวย ๆ,320,฿2.51,54,78
335,ไก่ชน มีอายุ กี่ปี,320,฿0,1,42
336,ไก่ชน ใต้ ล่าสุด,320,฿0,25,88
337,ไก่ชน4เดือน,320,฿0,22,73
338,ไก่ชน ม้าล่อ,320,฿4.40,84,51
339,ไก่ชน ราคาถูก,320,฿2.30,96,49
340,พื้น หลัง ไก่ชน,320,฿0,25,62
341,ไก่ชน เงินล้าน 2565,320,฿0,59,36
342,ไก่ชน ขาย 100 บาท,320,฿6.31,97,50
343,ไก่ชน 3เดือน,320,฿0,34,38
344,ไก่ชน คู่70 ล้าน ถ่ายทอดสด,320,฿0,1,31
345,อาหาร ไก่ชน ให้ โครงสร้าง ใหญ่,320,฿0,100,36
346,กล่อง ไก่ชน,320,฿1.20,100,49
347,ไก่ชน ออ น ไล,320,฿6.61,5,7
348,ไก่ชน5เดือน,320,฿0,32,56
349,ยา บำรุง ไก่ชน ตี แรง,320,฿3.06,100,47
350,กลุ่ม ซื้อขาย ไก่ชน ทั่วประเทศ,320,฿0,86,63
351,รองเท้า ไก่ชน,320,฿3.25,97,61
352,การ ผสมพันธุ์ ไก่ชน,320,฿20.23,9,19
353,ไก่ชน เยีย,320,฿0,5,63
354,ไก่ชน มีอายุกี่ปี,320,฿0,1,42
355,ไก่ชน เดือย,320,฿0,38,68
356,สาย พันธุ์ ไก่ชน,320,฿0.59,21,34
357,โรงเรือน คอกผสม ไก่ชน,320,฿0,83,44
358,ไก่ชน สีเขียว,320,฿0,71,49
359,ไก่ชน 4 เดือน,320,฿0,22,73
360,ไก่ชน คู่ 70 ล้าน ถ่ายทอด สด,320,฿0,1,31
361,สาย พันธุ์ ไก่ชน ทั่ว โลก,320,฿0.99,32,48
362,เหล่า ไก่ชน,320,฿0,53,59
363,แทง ไก่ชน ออนไลน์,320,฿20.67,10,43
364,ยา แก้ อักเสบ ไก่ชน,320,฿4.59,99,42
365,ไก่ชน เวียดนาม,320,฿0,77,56
366,สูตร อาหาร ไก่ชน,320,฿3.44,84,47
367,กรง เลี้ยง ไก่ชน,320,฿1.71,100,43
368,ไก่ชน3เดือน,320,฿0,34,38
369,ไก่ชน มณีแดง,320,฿6.51,80,57
370,ไก่ชน สี หวาย,320,฿0,55,39
371,ยาบำรุง ไก่ชน ตีแรง,320,฿3.06,100,47
372,รูป ไก่ชน กวนๆ,320,฿0,52,40
373,ทีเด็ด ไก่ชน วันนี้,320,฿0,1,40
374,ไก่ชน ลาย กาเหว่า,260,฿0,95,55
375,ยา บํา รุ ง ไก่ชน ตีแรง,260,฿1.61,99,35
376,ฝันว่า อุ้ม ไก่ชน,260,฿0,1,38
377,ร้าน ขาย อุปกรณ์ ไก่ชน,260,฿1.82,98,35
378,ไก่ชน ออนไลน์ สด,260,฿0,1,14
379,ลักษณะ ไก่ชน,260,฿0,8,34
380,พ่อ ไก่ชน,260,฿1.70,12,30
381,ยาโด๊ป ไก่ชน ลำปำ,260,฿3.83,99,53
382,ขาย ไก่ชน ไม่เกิน 1000,260,฿0,92,31
383,หา ซื้อ ไก่ชน,260,฿0.85,11,17
384,กระดาน ไก่ชน,260,฿0,1,18
385,ไก่ชน ตัวเมีย,260,฿0,82,54
386,ยา โด๊ป ไก่ชน ลําปํา,260,฿3.07,99,35
387,ไก่ชน แอ๊ด คาราบาว,260,฿1.75,12,68
388,ยา โด๊ป ไก่ชน ลํา ปํา,260,฿2.49,100,36
389,ไก่ชน ร้อง,260,฿0,80,48
390,อาหาร ลูก ไก่ชน,260,฿1.76,98,43
391,ไก่ชน หงอน แจ้,260,฿1.69,39,62
392,ตั้งชื่อ ซุ้ม ไก่ชน,260,฿0,73,44
393,ถ่ายทอดสด ไก่ชน สนาม เจ้าคุณ ปู่,260,฿0,1,37
394,ไก่ชน 6 เดือน,260,฿0,48,57
395,สุ่มวิ่ง ไก่ชน,260,฿8.99,100,30
396,ไก่ชน2เดือน,260,฿0,37,52
397,สุ่ม ไก่ชน ไม้ไผ่,260,฿5.74,99,44
398,ทํา เล้า ไก่ชน,260,฿1.70,93,57
399,ไก่ชน ก๋อย ง่อน,260,฿0.56,63,37
400,ดู ไก่ชน ออนไลน์ฟรี,260,฿0,1,25
401,ไก่ชน ส มีสุวรรณ ล่าสุด,260,฿0,43,68
402,ถ่ายทอดสด ไก่ชน ทายาทมังกร,260,฿0,1,36
403,ไก่ชน6เดือน,260,฿0,48,38
404,ไก่ชน ไม่ กิน ข้าว,260,฿4.95,96,62
405,ไก่ชน เก่ง ๆ,260,฿4.06,35,50
406,ซื้อขาย ไก่ชน ภาคเหนือ,260,฿0,44,47
407,ไก่ชน ก๋อยง่อน,260,฿0,86,61
408,ไก่ชน นา มิ,260,฿0,23,57
409,โรค ไก่ชน,260,฿2.89,30,36
410,ไก่ชน พม่าตีเชิง,260,฿10.72,83,58
411,ขา ไก่ชน,260,฿0,8,49
412,ไก่ชน ห้าม กิน อะไร,260,฿0,11,44
413,อาหาร ลูก ไก่ชน แรก เกิด,260,฿4.02,100,30
414,บอร์ด ขาย ไก่ชน,260,฿0,99,26
415,วิธี วาด ไก่ชน,260,฿0,48,91
416,ขาย ไก่ชน ไม่เกิน1000,260,฿0,92,31
417,เล้าผสม ไก่ชน,260,฿1.88,62,56
418,ไก่ชน สาม สายเลือด,260,฿0,73,43
419,ยาสมุนไพรบำรุงกำลัง ไก่ชน,260,฿2.48,95,48
420,ไก่ชน แอ๊ด คารา บา ว,260,฿1.75,12,68
421,ฝันว่าอุ้ม ไก่ชน,260,฿0,1,45
422,ต่อ ไก่ชน,260,฿0,81,52
423,ข่าว ไก่ชน,260,฿2.91,19,42
424,ขาย ไก่ชน ไม่ เกิน 1000,260,฿0,92,31
425,ข่าวสาร ไก่ชน,260,฿0,1,48
426,ไก่ชน สี เขียว มรกต,260,฿0,47,50
427,ไก่ชน สี ดำ,260,฿0,55,48
428,ข่าวสด ไก่ชน,260,฿0,1,55
429,เว็บพนัน ไก่ชน,260,฿32.91,4,41
430,ไก่ชน ฟิลิปปินส์,260,฿0,70,59
431,สี ไก่ชน ใต้,260,฿0,55,59
432,ไก่ชน คน ออนไลน์,260,฿0,1,13
433,ยาโด๊ป ไก่ชน ลํา ปํา,260,฿1.18,99,35
434,ไก่ชน หงอนแจ้,260,฿1.69,39,33
435,ไก่ชน เงินล้าน 2562,260,฿2.40,58,17
436,ไก่ชน 2 เดือน,260,฿0,37,52
437,โรงเรือน ไก่ชน,260,฿0,14,23
438,ภาพพื้นหลังโปสเตอร์ ไก่ชน,260,฿0,48,69
439,ไก่ชน สวยงาม,260,฿0,72,66
440,ไก่ชน เหล่าป่าก๋อย 100,260,฿0,74,37
441,สมุนไพรบำรุง ไก่ชน,210,฿5.17,89,54
442,ชื่อ ไก่ชน พม่า,210,฿0,91,32
443,ไก่ชน ก๋อย เชิง,210,฿0,69,54
444,คนเลี้ยง ไก่ชน,210,฿0,12,55
445,ไก่ชน พม่า เชิง,210,฿3.57,55,34
446,ไก่ชน สี ส้ม,210,฿0,18,49
447,อาหาร ไก่ชน ขุนศึก,210,฿3.64,99,34
448,วิธี จับ ไก่ชน,210,฿0,93,84
449,รูป ฟาร์ม ไก่ชน,210,฿0,69,78
450,ไข่เชื้อ ไก่ชน,210,฿3.44,100,42
451,รูป ไก่ชน ตลกๆ,210,฿0,45,85
452,ไก่ชน ฟาร์ม,210,฿0,68,46
453,ยาถ่ายพยาธิ ไก่ชน ยี่ห้อ ไหน ดี,210,฿0,100,50
454,ถ่ายทอดสด ไก่ชน สนาม อา ลา ดิน,210,฿0,1,34
455,ไก่ชน สนาม เทิด ไท,210,฿0,1,67
456,ยาเลี้ยง ไก่ชน ที่ดี ที่สุด,210,฿1.72,100,39
457,ขาย ไก่ชน พม่าแม่สะเรียง,210,฿12.44,96,36
458,ไก่ชน ก๋อยเชิง,210,฿0,69,48
459,ลูก ไก่ชน 2 เดือน,210,฿0,65,50
460,ถ่ายทอดสด ไก่ชน โก ว เซ้ ม,210,฿0,2,36
461,ไก่ชน เดือยใต้,210,฿0,51,75
462,ไก่ชน สี ขาว ราคา,210,฿0,93,43
463,เดือยเหล็ก ไก่ชน,210,฿0,95,55
464,กระดาน ซื้อขาย ไก่ชน,210,฿0,1,13
465,คอกผสม ไก่ชน แบบประหยัด,210,฿0,95,81
466,เกล็ด ไก่ชน เงิน ล้าน,210,฿0,61,36
467,ราย ชื่อซุ้ม ไก่ชน,210,฿0,47,54
468,ยาเลี้ยง ไก่ชน ที่ดีที่สุด,210,฿1.72,100,39
469,โรค ใน ไก่ชน,210,฿0,30,48
470,หัวใจ ไก่ชน,210,฿0,1,82
471,ตี ไก่ชน,210,฿0,67,79
472,ยา โด๊ป ไก่ชน ที่ ดี ที่สุด,210,฿1.75,98,35
473,ขาย ไก่ชน ราคา ถูก,210,฿2.62,94,34
474,ถ่ายทอดสด ไก่ชน เทิด ไท วันนี้,210,฿0,1,29
475,วิธี เลี้ยง ไก่ชน มือใหม่,210,฿0,94,50
476,ยา เลี้ยง ไก่ชน ที่ ดี ที่สุด,210,฿1.72,100,39
477,กลุ่ม ซื้อขาย ไก่ชน facebook,210,฿0,1,5
478,ไก่ชน ดี,210,฿0,37,60
479,youtube ไก่ชน,210,฿0,31,100
480,คอกผสม ไก่ชน แบบ ประหยัด,210,฿0,95,81
481,ไก่ชน มาเลเซีย,210,฿0,82,56
482,ขุนแผน นั่ง ไก่ชน หลวงพ่อกวย,210,฿0,52,35
483,ยาถ่ายพยาธิ ไก่ชน ยี่ห้อไหนดี,210,฿0,100,48
484,เทปบันทึก ไก่ชน เงินล้าน,210,฿0,1,36
485,ฉายา ไก่ชน,210,฿0,1,18
486,ตะกร้าใส่ ไก่ชน,210,฿1.76,94,42
487,พื้นหลังโปสเตอร์ ไก่ชน,210,฿0,55,75
488,อุปกรณ์ ไก่ชน ครบ วงจร,210,฿1.15,100,48
489,youtubeไก่ชน,210,฿0,31,100
490,ไก่ชน เดือย ใต้,210,฿0,51,75
491,ถ่ายทอดสด ไก่ชน 70 ล้าน,210,฿0,1,36
492,ขาย ไก่ชน พม่า แม่สะเรียง,210,฿23.15,89,47
493,ราย ชื่อ ซุ้ม ไก่ชน,210,฿0,47,54
494,หนังสือ ไก่ชน,210,฿1.45,85,39
495,ไก่ชน ตีหักตีชัก,210,฿2.12,63,58
496,ไก่ชน พม่าไทย,210,฿0,64,38
497,ลูก ไก่ชน 1 เดือน,210,฿0,89,39
498,ฟาร์ม ไก่ชน สวย ๆ,210,฿0,84,50
499,ไก่ชน ย้อน หลัง,210,฿0,1,36
500,ไก่ชน ใต้ เดือยเหล็ก,210,฿15.69,61,59
501,ขาย ไก่ชน อินเตอร์,210,฿0,51,34
502,รูป ไก่ชน ตลก ๆ,210,฿0,45,85
503,ร้าน ไก่ชน,210,฿0,3,60
504,ไก่ชน กลัวอะไร,210,฿0,96,41
505,ไก่ชน สีทอง,210,฿0,50,73
506,สมุนไพร บำรุง ไก่ชน,210,฿5.17,89,55
507,ไก่ชน ถ่ายทอด สด วัน นี้,210,฿0,1,6
508,ยา รักษา ไก่ชน ป่วย,210,฿3.66,99,35
509,แม่ ไก่ชน พม่า,210,฿5.30,42,48
510,ไก่ชน ไทยแท้,210,฿1.90,56,37
511,ไก่ชน จีน,210,฿0,86,50
512,ไก่ชน เดือยเหล็ก,210,฿0,73,68
513,ไก่ชน เหลืองหางขาว พิษณุโลก,210,฿8.61,86,45
514,อุปกรณ์ ไก่ชน ครบวงจร,210,฿1.15,100,47
515,ไก่ชน สีดอกหมาก,210,฿0,81,59
516,รูป ไก่ชน ไทย,210,฿0,88,46
517,ยา ลูกกลอน ไก่ชน,210,฿5.74,100,45
518,ไก่ชน เดือย เหล็ก,210,฿0,16,65
519,ประวัติ ไก่ชน,210,฿0,1,46
520,อาหาร ไก่ชน แรกเกิด,210,฿4.78,100,37
521,เล้า ผสม ไก่ชน,210,฿0,86,43
522,ไก่ชน สวย ที่สุด ใน โลก,210,฿0,87,59
523,ไก่ชน พม่า เยีย ร์,210,฿0,90,53
524,ไก่ชน เงินล้าน 2563 ล่าสุด,210,฿0,21,39
525,ขุนแผน นั่ง ไก่ชน หลวง พ่อ กวย,210,฿0,52,35
526,สโลแกน ไก่ชน,210,฿0,2,50
527,ถ่ายทอดสด ไก่ชน เทิดไท วันนี้,210,฿0,1,26
528,ไก่ชน สีขาว ราคา,210,฿0,93,43
529,เพจ ถ่ายทอดสด ไก่ชน สนามบางเลน,210,฿0,1,30
530,ไก่ชน เจ้า มหานคร,170,฿0,1,13
531,แบบ โรงเรือน ไก่ชน,170,฿0,9,16
532,ไก่ชน1เดือน,170,฿0,31,42
533,ไก่ชน เงินล้าน 2563,170,฿0,6,37
534,รอยลาย ไก่ชน ถ่ายทอดสด,170,฿0,1,61
535,รูป ไก่ชน ลายเส้น,170,฿0,2,47
536,ชนไก่ ล่าสุด,170,฿0,1,65
537,ไก่ชน ก๋อย 100,170,฿0,88,43
538,สนาม ไก่ชน มหาลาภ,170,฿0,1,14
539,ไก่ชน เงิน ล้าน ถ่ายทอด สดล่าสุด ฟรี,170,฿0,1,20
540,ชนไก่ 70 ล้าน,170,฿0,1,64
541,ไก่ชน สนาม มหาลาภ,170,฿0,1,58
542,ล้อวิ่ง ไก่ชน,170,฿3.64,100,42
543,ซุ้ม ไก่ชน สวยๆ,170,฿0,84,58
544,กลุ่มซื้อขาย ไก่ชน,170,฿0.56,62,37
545,ขาย ไก่ชน โคราช,170,฿1.65,75,57
546,ตั้งชื่อ ไก่ชน ตาม สี,170,฿1.53,43,52
547,ตั้ง ชื่อ ไก่ชน ตาม สี,170,฿1.53,43,54
548,ยาโด๊ป ไก่ชน ยี่ห้อ ไหน ดี,170,฿1.53,100,38
549,ไก่ชน เกล็ดมังกร,170,฿0,3,52
550,โรงเรือน เพาะ ไก่ชน,170,฿61.43,91,28
551,รูป ไก่ชน png,170,฿0,17,61
552,เกล็ดแข้ง ไก่ชน,170,฿0,15,28
553,ไก่ชน70ล้าน ถ่ายทอดสด,170,฿0,1,27
554,สูตร ยาสมุนไพร ไก่ชน โบราณ,170,฿1.27,46,40
555,ช่อง 61 ไก่ชน,170,฿0,1,13
556,ยา ไก่ชน คุณม็อบ,170,฿3.64,99,53
557,ไก่ชน เงินล้าน ถ่ายทอดสด ล่าสุด ฟรี,170,฿0,1,45
558,ตำรา ไก่ชน ใต้,170,฿1.55,43,36
559,วัคซีน ลูก ไก่ชน,170,฿3.83,99,36
560,ไก่ชน โก ว เซ้ ม ฟาร์ม ล่าสุด,170,฿0,73,65
561,ไก่ชน ล่าสุด เทิด ไท,170,฿0,1,45
562,คอก ไก่ชน แบบประหยัด,170,฿2.58,80,30
563,ไก่ชน เทิดไท 63,170,฿13.62,16,50
564,รอย ลาย ไก่ชน ถ่ายทอดสด,170,฿0,1,62
565,ปั้น ไก่ชน,170,฿0,88,43
566,อยาก ดู ไก่ชน,170,฿0,95,98
567,ไก่ชน สี ต่างๆ,170,฿0,54,21
568,ตา ไก่ชน,170,฿4.72,24,41
569,ลังใส่ ไก่ชน,170,฿2.18,98,48
570,ไก่ชน ไทยเชิง,170,฿0,11,62
571,สูตร ยา สมุนไพร ไก่ชน โบราณ,170,฿1.37,90,40
572,ลูก ไก่ชน 3 เดือน,170,฿2.80,14,42
573,ลุงชิม ไก่ชน ฟาร์ม,170,฿0,1,62
574,ไก่ชน ล่าสุด เทิดไท,170,฿0,1,45
575,วิธีดู ไก่ชน,170,฿0,27,14
576,ไก่ชน พม่าเชิง,170,฿0,90,42
577,ไก่ชน ไทย แท้,170,฿0,77,41
578,ไก่ชน vector free,170,฿0,1,66
579,ไก่ชน แดงหล่อ,170,฿0,39,30
580,ไก่ชน เงิน ล้าน ถ่ายทอด สดล่าสุด 2561,170,฿0,1,26
581,ขาย ไก่ชน ออนไลน์,170,฿0,40,29
582,ซื้อขาย ไก่ชน เชียงราย,170,฿0,85,57
583,เครื่อง ออกกำลัง กาย ไก่ชน,170,฿5.01,90,40
584,ไก่ชน ตราด,170,฿1.13,42,53
585,โรง เพาะ ไก่ชน,170,฿61.43,91,51
586,ว่าน ไก่ชน,170,฿0,99,59
587,ไก่ชน คู่ 200 ล้าน,170,฿0,23,67
588,เสื้อพิมพ์ลาย ไก่ชน,170,฿7.46,99,39
589,ไก่ชน อินเตอร์ ราคาถูก,170,฿0,15,8
590,แข้ง ไก่ชน เงินล้าน,170,฿0,63,40
591,สูตรยาสมุนไพร ไก่ชน โบราณ,170,฿1.37,90,40
592,เทป ไก่ชน เงินล้าน,170,฿0,26,41
593,ไก่ชน สีกรด,170,฿0,60,47
594,มุ้ง ไก่ชน,170,฿0.51,100,49
595,ไก่ชน7เดือน,170,฿0,23,24
596,สร้างเล้า ไก่ชน,170,฿0,95,56
597,นางฟ้า ไก่ชน,170,฿0,56,87
598,ไก่ชน ตุรกี,170,฿0,55,59
599,ช่อง61ไก่ชน,170,฿0,1,31
600,รูป การ์ตูน ไก่ชน,170,฿0,4,60
601,ไก่ชน แข้งขน,170,฿0,48,51
602,ไก่ชน 7 เดือน,170,฿0,23,31
603,ลูก ไก่ชน ไซ ง่อน ราคาถูก,170,฿0,97,38
604,ไก่ชน เงินล้าน ถ่ายทอดสด ล่าสุด 2561,170,฿0,1,26
605,แบบ คอก ไก่ชน,170,฿0,39,23
606,วิธี เลี้ยง ไก่ชน ออก ชน,170,฿0.98,82,33
607,ยา สมุนไพร บำรุง กำลัง ไก่ชน,170,฿1.47,94,38
608,ไก่ชน ล่าสุด 2020,170,฿0,4,35
609,ถอน ขน ไก่ชน,170,฿3.83,82,33
610,ชื่อ ไก่ชน สี แดง,170,฿0,88,59
611,ไก่ชน ตี หัก ตี ชัก,170,฿0,94,66
612,ไก่ชน อินเตอร์ ฟาร์ม,170,฿0,46,35
613,ชนไก่ ออนไลน์,170,฿0,1,48
614,สูตร ยาบํารุง ไก่ชน โบราณ,170,฿0,95,38
615,ไก่ชน เดือย ภาคใต้,170,฿0,57,62
616,เว็บ ไก่ชน สด,170,฿0,1,33
617,ไก่ชน เงิน ล้าน ถ่ายทอด สด ล่าสุด ฟรี,170,฿0,1,20
618,พญา ไก่ชน,170,฿0,21,25
619,สมุนไพร ช่วยย่อย ไก่ชน,170,฿8.23,100,53
620,การผสม ไก่ชน,170,฿0,46,27
621,ซุ้ม ไก่ชน ป่า ก๋อย,170,฿0,1,6
622,กรงอนุบาล ไก่ชน,170,฿1.93,99,46
623,รูป ไก่ชน พม่า สวย ๆ,170,฿0,93,47
624,รูป สนาม ไก่ชน,170,฿0,33,61
625,อาหาร เสริม ไก่ชน,170,฿3.44,95,42
626,ไก่ชน แพง,170,฿0,8,21
627,ที่ วิ่ง ไก่ชน,170,฿1.65,96,38
628,สูตรยาโด๊ป ไก่ชน ทํา เอง,170,฿7.73,77,31
629,นนท์ ธนาคาร ไก่ชน พะเยา,170,฿0,1,39
630,ไก่ชน ขาย,170,฿0,90,34
631,สังเวียน ไก่ชน มือสอง,170,฿1.15,100,45
632,โปรแกรม ไก่ชน,170,฿0,1,54
633,การ เลี้ยง ไก่ชน ออก ตี,170,฿0.02,15,10
634,ตั้งชื่อ ไก่ชน ตามสี,170,฿1.53,43,52
635,ด ไก่ชน,170,฿11.59,4,83
636,วิธี เลี้ยงลูก ไก่ชน,170,฿2.21,86,30
637,สมุนไพรช่วยย่อย ไก่ชน,170,฿8.23,100,52
638,ไก่ชน สนามมหาลาภ,170,฿0,1,54
639,ไก่ชน 70 ล้าน ถ่ายทอดสด,170,฿0,1,32
640,สูตร ยาบำรุง ไก่ชน โบราณ,170,฿0,95,38
641,เทป ไก่ชน ใต้,170,฿0,37,57
642,ชื่อ ไก่ชน สีแดง,170,฿0,88,65
643,เว็บ ดู ไก่ชน ออนไลน์,170,฿0,1,28
644,กลุ่ม ซื้อขาย ไก่ชน,170,฿0.56,62,43
645,โหลด รูป ไก่ชน,170,฿2.39,20,65
646,ไก่ชน ตราด100,170,฿3.73,46,40
647,ไก่ชน ลำปาง,170,฿0.81,16,54
648,ออก กํา ลังกา ย ไก่ชน,140,฿0,86,31
649,วิธี ทํา เล้า ไก่ชน,140,฿2.13,95,73
650,ไก่ชน ตี เจ็บ,140,฿3.42,65,34
651,ขาย ไก่ชน เหลืองหางขาว,140,฿4.66,30,50
652,ลูก ไก่ชน ไซ ง่อน ราคา ถูก,140,฿0,90,28
653,การ ทํา เล้าผสม ไก่ชน,140,฿0,100,73
654,ไก่ชน ไม่ กิน อาหาร,140,฿0,90,64
655,ถ่ายทอดสด ไก่ชน 50 ล้าน,140,฿0,1,23
656,แม่ พันธุ์ ไก่ชน สาม เอี่ยว,140,฿0.55,12,52
657,ไก่ชน ใต้ เงิน ล้าน,140,฿0,1,6
658,ฟาร์ม ไก่ชน ดังๆ,140,฿2.05,89,26
659,เลี้ยง ไก่ชน ออกชน,140,฿0,66,29
660,ไก่ชน แข้ง,140,฿0,18,47
661,ไก่ชน เงินล้าน สนามเทิดไท,140,฿0.56,17,51
662,ไก่ชน พม่า เงินล้าน,140,฿1.88,73,49
663,วิธี เพิ่ม น้ำหนัก ไก่ชน,140,฿1.97,100,42
664,wไก่ชน,140,฿0,25,42
665,ไก่ชน ไต้หวัน,140,฿0,81,40
666,ไก่ชน สี ดู่,140,฿0,74,31
667,ตำรา ไก่ชน ไทย,140,฿1.50,20,31
668,คํา คม คำคม ไก่ชน โดนๆ,140,฿0,1,27
669,ไก่ชน สนาม ขุน ทะเล,140,฿0,1,58
670,วิดีโอ ของ ไก่ชน ไทย,140,฿0,61,78
671,กรง ไก่ชน ราคา ถูก,140,฿3.06,100,42
672,รูป วาด ไก่ชน ขาว ดำ,140,฿0,19,49
673,ตํา รา ดู เกล็ด ไก่ชน,140,฿0,2,6
674,คนรัก ไก่ชน,140,฿2.21,25,78
675,นนท์ ธนาคาร ไก่ชน,140,฿0,1,49
676,ไก่ชน50ล้าน,140,฿1.14,27,45
677,ให้ น้ํา ไก่ชน,140,฿1.60,100,44
678,ไก่ชน ล่าสุด 2022,140,฿0,1,54
679,ถ่ายทอดสด ไก่ชน 50ล้าน,140,฿0,1,19
680,ไก่ชน พม่า ตัวเมีย,140,฿0.56,29,32
681,เกล็ดเดิมพัน ไก่ชน,140,฿0,5,35
682,สูตร ยา บํา รุ ง ไก่ชน,140,฿4.67,81,30
683,ลู่วิ่ง ไก่ชน วงกลม,140,฿2.84,98,38
684,ไก่ชน เชิง ตราด,140,฿2.17,80,45
685,ลักษณะ ไก่ชน ที่ดี,140,฿0,27,13
686,ถ่ายทอดสด ไก่ชน สนาม พรุ ดิน นา วันนี้,140,฿0,1,64
687,เทปบันทึกภาพ ไก่ชน เงินล้าน,140,฿0,10,35
688,รูปภาพ ไก่ชน เหลือง หาง ขาว,140,฿1.73,15,54
689,หา ซื้อ ไก่ชน เก่ง,140,฿0.92,41,21
690,ไก่ชน ที่สวยที่สุดในโลก,140,฿0.57,27,40
691,ค ลิบ ไก่ชน,140,฿0,1,13
692,ไก่ชน ตี ชัก,140,฿0,21,57
693,ไก่ชน พม่าเก่ง ๆ,140,฿0,91,31
694,ไก่ชน สนามขุนทะเล,140,฿0,1,58
695,เสื้อ ไก่ชน,140,฿1.69,56,35
696,ไก่ชน 50 ล้าน,140,฿1.14,27,53
697,ไก่ชน 50ล้าน,140,฿1.14,27,46
698,ไก่ชน เชิงตราด,140,฿2.17,80,45
699,ไก่ชน ก๋อย100,140,฿0.59,57,61
700,กรง ผสม ไก่ชน,140,฿1.26,92,39
701,กรง ไก่ชน ราคาถูก,140,฿3.06,100,39
702,พรม ไก่ชน มือสอง ราคาถูก,140,฿3.65,100,47
703,รูป วาด ไก่ชน ขาวดำ,140,฿0,19,49
704,ยาเลี้ยง ไก่ชน พม่า,140,฿1.39,98,40
705,ไก่ชน ราคา 500,140,฿0,51,29
706,ไก่ชน เจ้ากระทิง,140,฿0,1,18
707,พรม ไก่ชน มือ สอง ราคา ถูก,140,฿3.65,100,38
708,แบบ คอกผสม ไก่ชน,140,฿5.66,48,26
709,ไก่ชน ราคาแพง,140,฿1.20,50,51
710,ยา ไก่ชน วอร์มอัพ,140,฿0.89,98,28
711,การ ทํา เล้า ผสม ไก่ชน,140,฿0,100,82
712,โปสเตอร์ ไก่ชน สวย ๆ,140,฿0,93,50
713,ฟาร์ม ไก่ชน cp,140,฿0,10,17
714,หาซื้อ ไก่ชน เก่ง,140,฿0.92,41,26
715,รูป ไก่ชน เหลือง หาง ขาว,140,฿1.30,13,52
716,เกล็ด บอด ไก่ชน,140,฿0,5,17
717,ไก่ชน พม่าเบอร์แข้ง,140,฿0,95,73
718,ไก่ชน คู่ 8 ล้าน,140,฿0,1,63
719,ธาดา พงศ ไก่ชน,140,฿0,1,40
720,นาย ไก่ชน ถ่ายทอด สด,140,฿0,1,28
721,ชื่อ ไก่ชน เพราะ ๆ,140,฿0.69,21,49
722,ไก่ชน พม่า ราคา ถูก,140,฿0.91,6,7
723,ส่ง ไก่ชน ภาคเหนือ,140,฿2.72,11,38
724,w ไก่ชน,140,฿0,25,44
725,โลโก้ ฟาร์ม ไก่ชน,140,฿0,67,62
726,ไก่ชน ท้องเสีย,140,฿0,89,69
727,ไก่ชน อายุ 5 เดือน,140,฿0,6,55
728,วิธี เลี้ยง ลูก ไก่ชน,140,฿0.02,59,23
729,ถ่ายทอด สด ไก่ชน เทิด ไท วัน นี้,140,฿0,1,29
730,พรม ไก่ชน มือ สอง ราคาถูก,140,฿3.65,100,38
731,สูตร ยา โด๊ป ไก่ชน ทํา เอง,140,฿1.48,85,35
732,อาหาร ไก่ชน cf,140,฿2.52,97,27
733,ออกกำลัง กาย ไก่ชน,140,฿2.33,88,43
734,ยาโด๊ป ไก่ชน ยี่ห้อ ไหนดี,140,฿1.94,100,38
735,ไก่ชน สวยงาม ไทย,140,฿0,89,49
736,ไก่ชน ไทย เชิง,140,฿1.50,43,69
737,ไก่ชน เปรู 100,140,฿2.27,40,67
738,โรงเรือน แบบ คอก ผสม ไก่ชน,140,฿1.16,22,43
739,สาว เลี้ยง ไก่ชน,140,฿0,1,69
740,เกล็ด ไก่ชน ดาวล้อมเดือน,140,฿0,14,58
741,ไก่ชน สนาม ขุนทะเล,140,฿0,1,58
742,ขาย อุปกรณ์ ไก่ชน,140,฿2.39,100,44
743,การเลี้ยง ไก่ชน พม่า,140,฿2.29,61,41
744,ขาย ไก่ชน เชียงใหม่,140,฿7.81,79,45
745,ลู่ วิ่ง ไก่ชน ไฟฟ้า,140,฿9.77,97,47
746,เทปบันทึกภาพ ไก่ชน,140,฿0,35,18
747,อาหาร ไก่ชน ซัน ฟี ด,140,฿6.70,98,32
748,ออกแบบ ฟาร์ม ไก่ชน,140,฿0,62,33
749,เว็บ แทง ไก่ชน,140,฿13.39,22,20
750,เพจ ขาย ไก่ชน,140,฿0,97,32
751,สูตร ไก่ชน,140,฿0,30,59
752,วิธี เพิ่ม น้ำ หนัก ไก่ชน,140,฿1.97,100,46
753,ลูก ไก่ชน พม่า,140,฿0,96,48
754,ขาย ไก่ชน อยุธยา,140,฿13.07,26,41
755,วิธี เพิ่มน้ำหนัก ไก่ชน,140,฿1.97,100,42
756,อาหาร ไก่ชน cp สูตร 2,140,฿1.55,70,32
757,ลาย สัก ไก่ชน เน ส กาแฟ,140,฿0,1,65
758,เกล็ดบอด ไก่ชน,140,฿0,5,19
759,วิธี ดู ลูก ไก่ชน ตัวผู้ ตัวเมีย,140,฿0,1,79
760,ยาโด๊ป ไก่ชน ดีที่สุด,140,฿1.87,98,48
761,ยา เลี้ยง ไก่ชน พม่า,140,฿1.39,98,40
762,ยา โด๊ป ไก่ชน ยี่ห้อ ไหน ดี,140,฿1.94,100,37
763,ไก่ชน จิ๋ว,140,฿0,88,27
764,การ เลี้ยง ไก่ชน พม่า,140,฿2.29,61,41
765,นาย ไก่ชน ถ่ายทอดสด,140,฿0,1,27
766,โรงเรือน แบบ คอกผสม ไก่ชน,140,฿1.16,22,43
767,ไก่ชน คู่มันส์,140,฿0,1,42
768,ไก่ชน ขัน,140,฿0,57,95
769,ไก่ชน หน้าหงอน,140,฿0,98,50
770,ตลาด ไก่ชน ส มี สุวรรณ,110,฿0,1,5
771,ไก่ชน พม่า รํา วง เชียงราย,110,฿0.59,36,40
772,เล้า เพาะ ไก่ชน,110,฿1.26,90,24
773,ยา ไก่ชน นก พิราบ,110,฿0.90,98,26
774,ขาย ไก่ชน 2561,110,฿0,11,17
775,ราชา ไก่ชน,110,฿0,1,57
776,ตู้ ฟัก ไข่ ตรา ไก่ชน,110,฿9.23,100,36
777,ไก่ชน เซรามิค,110,฿2.81,99,43
778,ไก่ชน เหลือง หาง ขาว ราคา,110,฿0,59,23
779,ไก่ชน เงินล้าน 2020,110,฿0,73,41
780,ฟาร์ม ไก่ชน ชลบุรี,110,฿0,2,14
781,ไก่ชน แอฟริกา,110,฿1.70,29,40
782,ไก่ชน ขาอ่อน เกิดจาก อะไร,110,฿1.37,96,57
783,ไก่ชน พม่า บราซิล,110,฿1.73,90,40
784,การ เลี้ยง ไก่ชน มือใหม่,110,฿4.37,90,37
785,ไก่ชน ที่ สวย ที่สุดในโลก,110,฿0.93,27,67
786,ไก่ชน ก๋อย ตราด,110,฿0,26,58
787,อุปกรณ์ การ เลี้ยง ไก่ชน,110,฿15.25,31,38
788,วิธีผสม ไก่ชน ให้เลือดนิ่ง,110,฿0,90,19
789,วิธีเลี้ยง ไก่ชน พร้อม บำรุง,110,฿2.18,53,28
790,ไก่ชน พม่า เก่ง ๆ,110,฿1.25,59,46
791,ไก่ชน โบราณ,110,฿3.51,19,40
792,ไก่ชน ใต้ ชุมพร,110,฿0,1,84
793,ไก่ชน สยาม,110,฿1.17,8,21
794,ยารักษาโรค ไก่ชน,110,฿1.59,99,56
795,ไก่ชน ทีวี สนาม อนันต ชัย ถ่ายทอด สด,110,฿0,1,6
796,ไก่ชน ชลบุรี,110,฿1.63,27,27
797,สาว ไก่ชน,110,฿0,1,18
798,ลักษณะ ไก่ชน ที่ ดี,110,฿0,16,10
799,วิธี ทำ เครื่องออกกำลัง กาย ไก่ชน,110,฿1.19,79,65
800,ไก่ชน ต่างประเทศ,110,฿0,55,49
801,ห้องผสม ไก่ชน,110,฿1.39,39,36
802,อาหาร ไก่ชน ยี่ห้อไหน ดี,110,฿3.58,95,35
803,การ เลี้ยง ไก่ชน ขาย เป็น อาชีพ,110,฿0,7,8
804,วิธี ทำ เครื่อง ออกกำลัง กาย ไก่ชน,110,฿1.19,79,65
805,ยา ไก่ชน แก้หวัด,110,฿2.35,100,44
806,ยา ไก่ชน สมุนไพร,110,฿2.33,98,49
807,ยา ขยายหลอดลม ไก่ชน,110,฿1.39,100,51
808,ไก่ชน สายเยียร์,110,฿2.18,50,49
809,อาหาร ไก่ชน cp สูตร 3,110,฿1.39,82,38
810,ไก่ชน เป็นหวัดหน้าบวม,110,฿1.89,87,45
811,อาหาร ไก่ชน ยี่ห้อไหนดี,110,฿3.58,95,35
812,วิธี เลี้ยง ไก่ชน พม่า,110,฿0.36,29,14
813,สมุนไพร ช่วย ย่อย ไก่ชน,110,฿15.28,42,18
814,ยา ไก่ชน ฟิต แอนด์ เฟิ ร์ ม,110,฿3.27,96,48
815,พ่อพันธุ์ ไก่ชน ปลดระวาง,110,฿0.58,34,25
816,เลี้ยง ไก่ชน 9 วัน,110,฿0,34,20
817,ไก่ชน ไซ ง่อน ราคา ถูก,110,฿0,64,30
818,พนัน ไก่ชน,110,฿0,1,51
819,จำหน่าย ไก่ชน,110,฿0.06,8,21
820,ไก่ชน ภาค อีสาน,110,฿0,4,15
821,อาหาร ไก่ชน เสือใหญ่,110,฿0.40,100,44
822,ยาขยายหลอดลม ไก่ชน,110,฿1.39,100,51
823,หนัง ไก่ชน,110,฿22.37,1,19
824,แวดวง ไก่ชน รายการ ถ่ายทอด สด,110,฿0,3,6
825,วิธี ทํา สังเวียน ไก่ชน,110,฿1.13,78,62
826,ยา ขยาย หลอดลม ไก่ชน,110,฿2.60,92,43
827,ไก่ชน หลอดลม อักเสบ,110,฿5.28,92,52
828,ฟาร์ม ไก่ชน โคราช,110,฿0,12,50
829,ราคา ลูก ไก่ชน,110,฿3.31,50,36
830,ไก่ชน อายุ 4 เดือน,110,฿0,5,60
831,เพลง ไก่ชน,110,฿0,1,100
832,ไก่ชน ปาก ก๋อย,110,฿0,6,15
833,วิธี เลี้ยง ไก่ชน พร้อม บำรุง,110,฿2.18,53,28
834,เดชา ส่ง ไก่ชน ขอนแก่น,110,฿0,14,34
835,ไก่ชน แสมดำ,110,฿1.16,7,69
836,ไก่ชน สาย พันธุ์ พม่า,110,฿1.53,83,45
837,ไก่ชน 5 พระองค์,110,฿0,1,14
838,ยา ไก่ชน แก้ หวัด,110,฿2.35,100,46
839,ไก่ชน ก่อ ย,110,฿2.08,20,37
840,ไก่ชน สาย พันธุ์ ต่างๆ,110,฿0.96,60,29
841,ซื้อ ขาย ไก่ชน,110,฿0,13,27
842,ซื้อขาย ไก่ชน นครปฐม,110,฿0,15,33
843,ไก่ชน ลูกผสม,110,฿0,10,22
844,เว็บไซต์ ไก่ชน,110,฿3,8,18
845,ห้อง ผสม ไก่ชน,110,฿2.23,26,37
846,ไก่ชน แอ็ ด คารา บา ว,110,฿0,1,6
847,ไก่ชน ป่่า ก๋อย,110,฿0,1,14
848,ไก่ชน พม่าเก่งๆ,110,฿1.20,76,52
849,เซียน ไก่ชน,110,฿2.21,23,64
850,แม่พันธุ์ ไก่ชน สามเอี่ยว,110,฿0.55,86,54
851,ซื้อขาย ไก่ชน ก ทม,110,฿0,23,34
852,ซื้อขาย ไก่ชน ชลบุรี,110,฿3.31,42,39
853,ตลาด ไก่ชน โก ว เซ้ ม ฟาร์ม,110,฿0,1,55
854,ไก่ชน พม่าบราซิล,110,฿0,45,40
855,ไก่ชน พิษณุโลก,110,฿0.59,18,59
856,ไก่ชน ไทย ด อ ท เน็ต,110,฿0,1,47
857,ไก่ชน ตีหลัง,110,฿0.56,49,48
858,เว็บพนัน ไก่ชน ไทย,110,฿35.21,1,14
859,พ่อ พันธุ์ ไก่ชน ปลดระวาง,110,฿0.58,34,28
860,ฟาร์ม ไก่ชน ขอนแก่น,110,฿1.71,21,50
861,ไก่ชน ล่าสุด 2019,110,฿0,100,65
862,โครงการเลี้ยง ไก่ชน,110,฿0,6,41
863,วิธี ผสม ไก่ชน ให้เลือดนิ่ง,110,฿0,90,19
864,ไก่ชน อีสาน,110,฿0,1,19
865,เครื่อง ออก กํา ลังกา ย ไก่ชน,110,฿9.18,63,25
866,ขาย ไก่ชน ใต้,110,฿0,8,16
867,หัว อาหาร ไก่ชน cp,110,฿3.10,97,32
868,ใบ ประวัติ ไก่ชน,110,฿0,23,56
869,ไก่ชน ม้าสีหมอก,110,฿4.05,25,32
870,วิธี ผสม ไก่ชน ให้ เลือดนิ่ง,110,฿0,90,19
871,ไก่ชน ตราด 100,110,฿0,2,14
872,เพจ ซื้อขาย ไก่ชน,110,฿4.13,41,23
873,ไก่ชน พนัสนิคม ชลบุรี,110,฿2.38,37,49
874,ไก่ชน เงินล้าน ล่าสุด,110,฿0,57,48
875,ไก่ชน พม่า รําวง เชียงราย,110,฿0.59,36,16
876,วิธี ทำเครื่องออกกำลัง กาย ไก่ชน,110,฿1.19,79,65
877,การเลี้ยง ไก่ชน ขายเป็นอาชีพ,110,฿0,2,14
878,วิธี ดู ไก่ชน พม่า,110,฿1.99,31,28
879,ไก่ชน เงิน ล้าน เทิด ไท,110,฿0,21,40
880,การ สร้าง เล้า ไก่ชน,90,฿0.20,71,27
881,รอย ลาย ไก่ชน ล่าสุด 2018,90,฿0,1,6
882,วิธี เลี้ยง ไก่ชน ก่อน ออก ชน,90,฿0.93,20,12
883,ไก่ชน หนุ่ม,90,฿0,1,19
884,จำหน่าย ไก่ชน ต่าง ประเทศ,90,฿0.17,5,7
885,สมุนไพร บํา รุ ง ไก่ชน,90,฿8.42,92,33
886,โกรท ฮอร์โมน ไก่ชน,90,฿5.40,100,44
887,ไก่ชน อายุ 3 เดือน,90,฿0,12,45
888,ไก่ชน รูปปั้น,90,฿2.06,99,48
889,ไก่ชน vip,90,฿0,1,18
890,คน รัก ไก่ชน,90,฿0,1,14
891,วิธีเพิ่มน้ําหนัก ไก่ชน,90,฿0,98,48
892,ไก่ชน ที่ เก่ง ที่สุด,90,฿0.06,9,8
893,วิธีเล่น ไก่ชน,90,฿0,5,20
894,คลีนิค ไก่ชน,90,฿8.88,10,22
895,ยา ไก่ชน ลํา ปํา ราคา,90,฿3.81,100,36
896,รับ เลี้ยง ไก่ชน,90,฿0,20,20
897,จำหน่าย ไก่ชน ต่างประเทศ,90,฿0.17,5,15
898,ยา รัก ไก่ชน ขาอ่อน,90,฿2.44,100,63
899,รายงาน ผล ไก่ชน,90,฿0,1,13
900,ไก่ชน พม่าลีลา,90,฿0.74,58,36
901,เว็บพนัน ไก่ชน บน มือ ถือ,90,฿0,5,40
902,ไก่ชน ราคา แพง,90,฿0.70,19,19
903,สารคดี ไก่ชน,90,฿0.03,2,19
904,ไก่ชน ก๋อย ตราด ง่อน,90,฿0.57,2,6
905,ค ริ ป ไก่ชน เงิน ล้าน,90,฿0,1,6
906,วิธี เล่น ไก่ชน,90,฿0,1,14
907,wallpaper ไก่ชน,90,฿0,15,58
908,การ เลี้ยง ลูก ไก่ชน,90,฿0.07,91,33
909,เว ป ขาย ไก่ชน,90,฿0,1,6
910,ต้องการ ซื้อ ไก่ชน,90,฿0.90,28,22
911,ไก่ชน เมือง เหนือ,90,฿0,1,14
912,รูป ไก่ชน เงิน ล้าน,70,฿0,1,5
913,ไก่ชน ม้า ล้อ,70,฿0,3,14
914,ไก่ชน ปัก ใต้,70,฿0,32,23
915,ไก่ชน คอม,70,฿0,29,27
916,บำรุง ไก่ชน,70,฿2.63,93,47
917,นิตยสาร ไก่ชน,70,฿0,5,20
918,ยา สมุนไพร ไก่ชน,70,฿6.12,100,44
919,ไก่ชน สันป่าตอง,70,฿0,1,18
920,เกมส์ ไก่ชน ออนไลน์,70,฿13.20,4,15
921,ทีเด็ด ไก่ชน จาน ส้ม,70,฿0,1,5
922,ถ่ายทอดสด ไก่ชน มหาลาภ,70,฿0,1,13
923,ไก่ชน ที่ เก่ง ที่สุด ใน ประเทศไทย,70,฿0,1,6
924,ไก่ชน โชค บัญชา,70,฿0,2,14
925,ออกกำลัง​ไก่ชน,50,฿0,97,61
926,ร้าน ขาย อุปกรณ์ ไก่ชน โคราช,70,฿0.13,89,32
927,ซุ้ม ธาดาพงศ์ ไก่ชน,70,฿0,1,13
928,ไก่ชน 22 ล้าน,70,฿0,1,13
929,ฟาร์ม ขาย ไก่ชน ญี่ปุ่น,70,฿0,7,8
930,ยา หวัด หน้า บวม ไก่ชน,70,฿0.17,100,36
931,เลี้ยง ไก่ชน ด้วย อาหาร สุนัข,70,฿0,40,18
932,ไก่ชน สาย พันธุ์ ไทย,70,฿0,1,5
933,เครื่องออกกำลังกาย ไก่ชน,70,฿17.29,76,42
934,ไก่ชน ไทย สามัคคี,70,฿5.04,38,25
935,ไก่ชน เงิน แสน,70,฿0,1,14
936,ขาย สังเวียน ไก่ชน,70,฿0.72,100,44
937,สังเวียน ไก่ชน ราคา ถูก,70,฿0.65,100,36
938,เลี้ยง ไก่ชน ให้ เก่ง,70,฿0,4,7
939,สมุนไพรรักษาแผล ไก่ชน,70,฿0,98,61
940,ยา หวัดหน้าบวม ไก่ชน,70,฿0.63,100,44
941,ไก่ชน 3 สายเลือด,70,฿0,2,14
942,ยา แก้ หอบ ไก่ชน ลำปำ,70,฿3.88,100,36
943,ยา บำรุง เลือด ไก่ชน,70,฿2.49,99,35
944,การ แต่ง ปาก ไก่ชน,70,฿0.47,14,10
945,ไก่ชน เงิน ล้าน 2560,70,฿0,1,5
946,ไก่ชน เดิมพัน 200 ล้าน,70,฿0,1,52
947,เดิมพัน ไก่ชน,70,฿0,14,37
948,ขาย กรง ไก่ชน,70,฿0.82,100,44
949,พรม ไก่ชน ราคา ส่ง,70,฿7.72,100,36
950,ไก่ชน กระทิง,70,฿0,1,19
951,ไก่ชน ไทยแลนด์,70,฿26.31,20,25
952,วิธี ออก กํา ลัง ไก่ชน,70,฿0,6,7
953,ไก่ชน ออนไลน์ สนามเทิดไท,70,฿0,1,13
954,โรงงาน ผลิต อุปกรณ์ ไก่ชน,50,฿0.95,86,31
955,ออกแบบ คอก ไก่ชน,50,฿0,24,21
956,รักษา ไก่ชน,50,฿0.73,96,48
957,ช่องhi sport ไก่ชน,50,฿0,1,13
958,ขาย ไก่ชน พันธุ์ ญี่ปุ่น,50,฿0,1,5
959,ไก่ชน ภาคใต้ เงินล้าน,50,฿0,6,16
960,ประวัติ ไก่ชน ไทย,50,฿0,1,14
961,วิธี รักษา ไก่ชน,50,฿0.16,73,36
962,ไก่ชน กี่ เดือน ไข่,50,฿0.65,23,13
963,ซื้อ ลูก ไก่ชน ราคา ถูก,50,฿0,56,22
964,ไก่ชน ดัง,50,฿0.17,78,42
965,ราคา ต่อ รอง ไก่ชน ออนไลน์,50,฿0,1,6
966,lucky168 ไก่ชน,50,฿22.09,1,19
967,ไก่ชน ราคา 3000,50,฿0.72,31,23
968,เทคนิค การ เลี้ยง ไก่ชน,50,฿1.60,15,10
969,ตั้งชื่อ ไก่ชน สี หวาย,50,฿0,1,5
970,hi sport facebook ไก่ชน,50,฿0,1,6
971,ไก่ชน กี่เดือน ไข่,50,฿0,19,19
972,ขาย ไก่ชน เก่ง ๆ,50,฿0,3,7
973,ไก่ชน กระดุมทอง,50,฿0,2,19
974,ไก่ชน เก่ง ที่สุด ใน ประเทศไทย,50,฿1.78,23,13
975,เพจ ไก่ชน เงินล้าน,50,฿0,3,15
976,กุสุมา ไก่ชน,50,฿2.03,91,46
977,รักษา นิ้ว ไก่ชน,50,฿1.16,71,35
978,ไก่ชน ด อ ท คอม,50,฿2.59,10,9
979,วีดีโอ ไก่ชน,50,฿0.12,11,22
980,ฟาร์ม ไก่ชน เหลือง หาง ขาว,50,฿0,2,6
981,วิตามิน บำรุง ไก่ชน,50,฿2.03,97,43
982,ตลาด ไก่ชน ภาคกลาง,50,฿0,1,13
983,olx ไก่ชน,50,฿0,1,18
984,โครงงาน เครื่อง ออกกำลัง กาย ไก่ชน,50,฿10.26,13,10
985,ไก่ชน พม่า หน้า หงอน แข้ง คม,50,฿0,1,5
986,ซุ้ม ไก่ชน สารภี ช,50,฿0,33,15
987,ราคา ไก่ชน เหลือง หาง ขาว,50,฿0,93,33
988,ยา บำรุง กำลัง ไก่ชน,50,฿11.54,97,35
989,ขมิ้นเวียดนาม ไก่ชน,50,฿0,100,49
990,การ ดู ไก่ชน,50,฿0,1,13
991,ไก่ชน พม่า ล่อ,50,฿0,2,14
992,ไก่ชน พม่า ม้าล่อ รำวง,50,฿0,1,6
993,ไก่ชน2018,50,฿0,1,31
994,ค่าย ไก่ชน ดัง ๆ,50,฿0,27,14
995,ไก่ชน เดิมพัน 33 ล้าน,50,฿0,2,64
996,ไก่ชน 2018,50,฿0,1,18
997,ไก่ชน ลาว,50,฿0,1,19
998,ที่นอน ไก่ชน,50,฿0,21,25
999,ร้าน ขาย อุปกรณ์ ไก่ชน นครปฐม,50,฿1.48,35,16
1000,ฟาร์ม ไก่ชน บราซิล,50,฿1.75,2,14
1001,ไก่ชน ป่า ก้อย,50,฿0,56,31
1002,ลูก ไก่ชน ตัวผู้,50,฿0,1,14
1003,ตั้ง ชื่อ ไก่ชน สี หวาย,50,฿0,1,5
1004,ขายลูก ไก่ชน เหล่า สามเอี่ยว,50,฿0,1,5
1005,ยา บำรุง ขน ไก่ชน,50,฿1.06,100,36
1006,ซื้อ ลูก ไก่ชน ราคาถูก,50,฿0.38,20,12
1007,เว ป ไก่ชน,50,฿0,2,14
1008,เอ พี ฟาร์ม ไก่ชน ล่าสุด,50,฿0,1,5
1009,ไก่ชน กระดุม ทอง,50,฿0,1,13
1010,ไก่ชน มหาลาภ,50,฿0,5,20
1011,ที่ไหน รับ สมัคร ลูก ฟาร์ม ไก่ชน,40,฿0,6,8
1012,วิธี รักษา ตา ไก่ชน,40,฿0,31,15
1013,ไก่ชน พ่อ พันธุ์,40,฿0,2,14
1014,วงการ ไก่ชน,40,฿0,10,22
1015,hi sport hd ไก่ชน,40,฿0,1,5
1016,ฟาร์ม ไก่ชน ไซ ง่อน,40,฿1.24,1,6
1017,ไก่ชน 20 ล้าน,40,฿0,7,16
1018,ไก่ชน สามัคคี,40,฿0,1,18
1019,การ บำรุง ไก่ชน,40,฿0,71,35
1020,ไก่ชน พม่า 100 ถูก,40,฿0.72,20,12
1021,เสื้อกีฬาพิมพ์ลาย ไก่ชน,40,฿1.37,80,43
1022,กติกา ไก่ชน สนามเทิดไท,40,฿0,1,13
1023,ไก่ชน พนัส 100,40,฿0,10,17
1024,คลินิก ไก่ชน,40,฿0,6,20
1025,ไก่ชน ใหม่,40,฿0,15,23
1026,ไก่ชน pantip,40,฿0,1,19
1027,วิธี ขาย ไก่ชน,40,฿0,34,24
1028,ไก่ชน ไต้หวัน 100 หนัก 5 6 กิโล,40,฿0,1,6
1029,เพาะพันธุ์ ไก่ชน,40,฿0,4,20
1030,ไก่ชน ขี่ ไม่ ออก รักษา อย่างไร,40,฿6.07,42,18
1031,ไก่ชน เดือย สอง สี,40,฿0,1,6
1032,ไก่ชน บ้านๆ,40,฿0,2,19
1033,ไก่ชน 50 ล้าน สด,40,฿0,1,5
1034,ไก่ชน ตี แผล ไหน ดี สุด,40,฿0,1,5
1035,การ เลือก ไก่ชน,40,฿0,8,16
1036,ตลาด ไก่ชน ภาคเหนือ,40,฿0,1,13
1037,คาโตซาล ไก่ชน,40,฿0,67,39
1038,ข้าวเปลือก ไก่ชน พัทลุง,40,฿1.58,81,38
1039,ไก่ชน สาย เชิง,40,฿0,90,41
1040,ยา บํา รุ ง ไก่ชน ที่ดีที่สุด,40,฿2.64,100,36
1041,ยา ถ่าย ไก่ชน ทํา เอง,40,฿0,14,10
1042,ไก่ชน ภาคกลาง,40,฿0,1,19
1043,หนังสือ เซียน ไก่ชน,40,฿0,1,14
1044,ยา ครอบจักรวาล ไก่ชน ราคา,40,฿0,5,7
1045,ไก่ชน ตราดง่อน,40,฿0,4,20
1046,ร้านขาย อุปกรณ์ ไก่ชน นครปฐม,40,฿0.95,47,20
1047,ไก่ชน โร โบ ค๊ อก,40,฿0,1,5
1048,ยาถ่าย ไก่ชน ทํา เอง,40,฿0,14,10
1049,หวย ซอง ไก่ชน,40,฿0,1,13
1050,เทคนิคการเลี้ยง ไก่ชน แพง,40,฿0,32,23
1051,ตลาดนัด ไก่ชน,40,฿0,12,22
1052,การ ออกกำลัง ไก่ชน,40,฿0,1,13
1053,สนาม ไก่ชน โคราช,40,฿0,27,22
1054,บํารุงเซลล์ ไก่ชน,40,฿4.59,100,49
1055,วิธี ดูแล ไก่ชน,40,฿0,1,13
1056,สูตร อาหาร ลูก ไก่ชน,40,฿0,56,22
1057,ขาย ไก่ชน พม่า ราคา ถูก,40,฿8.18,7,8
1058,ไก่ชน ไทย สวย ๆ,40,฿0,1,6
1059,ไก่ชน 50 ล้านสด,40,฿0,1,13
1060,ไก่ชน 1 เดือน,40,฿0,1,13
1061,ไก่ชน ส มี สุวรรณ ฟาร์ม,40,฿0,98,35
1062,สุด ยอด ไก่ชน,40,฿0,9,16
1063,ยา สร้าง กล้าม เนื้อ ไก่ชน,40,฿3.93,100,36
1064,ดู ไก่ชน ไม่ แพง,40,฿0,14,10
1065,วิธี ทํา ยา บํา รุ ง ไก่ชน,40,฿1.65,29,14
1066,หนังสือ ประวัติ ไก่ชน,40,฿0,53,30
1067,สมาคม ไก่ชน,40,฿0,7,21
1068,ยา ทา แผล สด ไก่ชน,40,฿0.03,100,36
1069,ใคร เคย เป็น ลูก ฟาร์ม ไก่ชน,40,฿0,1,6
1070,ความรู้ ไก่ชน,30,฿0,1,19
1071,ทํา ยา ถ่าย ไก่ชน,30,฿0,22,12
1072,ไก่ชน ส่ง ออก,30,฿0,6,15
1073,ดู ไก่ชน เก่ง ๆ,30,฿3.48,11,9
1074,ไก่ชน เหล่า เขา ชน กัน,30,฿0,1,5
1075,ไก่ชน ภาค กลาง,30,฿0,1,13
1076,เลี้ยง ไก่ชน ด้วย อาหารสุนัข,30,฿0,96,34
1077,เร ต ไก่ชน,30,฿0,1,13
1078,ไก่ชน โชค บัญชา ฟาร์ม ล่าสุด,30,฿0,2,6
1079,ไก่ชน คน ลำพูน,30,฿0,7,16
1080,สูตร การ เลี้ยง ไก่ชน,30,฿0,1,5
1081,ไก่ชน ประวัติ,30,฿0,1,19
1082,อาหาร ไก่ชน cp เบอร์2,30,฿5.91,93,34
1083,ไก่ชน ปักษ์ ใต้,30,฿0,1,13
1084,ราคา อุปกรณ์ ไก่ชน,30,฿0,13,18
1085,การ ฝึก ไก่ชน,30,฿0,1,14
1086,ยา ฮอร์โมน ไก่ชน,30,฿0.37,68,34
1087,ไก่ชน ตัว ละ 1000,30,฿0,8,8
1088,ไก่ชน พม่าญี่ปุ่น,30,฿0,1,19
1089,ไก่ชน 2000,30,฿0,1,19
1090,วิธีเล่น ไก่ชน ออนไลน์,30,฿36.59,6,15
1091,เพื่อน ไก่ชน,30,฿0.46,4,20
1092,สนาม ไก่ชน เชียงใหม่,30,฿0,8,16
1093,แผล ตี ไก่ชน,30,฿0.82,22,20
1094,สรรพคุณ สมุนไพร ไก่ชน,30,฿0,94,42
1095,ไก่ชน เดิมพัน,30,฿0,7,48
1096,โกรทฮอร์โมน ไก่ชน สรรพคุณ,30,฿0.58,78,37
1097,ตุ๊กตา ไก่ชน ราคา,30,฿1.62,100,44
1098,ซุ้ม ไก่ชน ราชบุรี,30,฿0,11,17
1099,ยาทน ไก่ชน,30,฿3.40,100,49
1100,ยา ทา ขา ไก่ชน,30,฿2.79,100,36
1101,การ คํานวณ ราคา ต่อ รอง ไก่ชน,30,฿0,2,6
1102,เสา ออกกำลัง กาย ไก่ชน,30,฿0.57,4,7
1103,ช่อง ไก่ชน ipm,30,฿0,1,14
1104,อาหาร ไก่ชน cf10,30,฿0.54,96,42
1105,ขายยา ไก่ชน ผิดกฎหมาย ไหม,30,฿0,2,6
1106,ไก่ชน พม่า ไก่ชน สวย ๆ,30,฿0,100,36
1107,ยา ไก่ชน คอม แบ ท,30,฿4.98,88,32
1108,ประเภท ไก่ชน,30,฿0,11,22
1109,ดู วิธี เลี้ยง ไก่ชน,30,฿0,1,5
1110,ยา ทน ไก่ชน,30,฿0,100,44
1111,อาหาร ไก่ชน ซี เอ ฟ,30,฿0.06,96,35
1112,ไก่ชน ที่ เก่ง,30,฿0,1,14
1113,ไก่ชน พม่าที่เก่ง ที่สุด,30,฿0.54,14,18
1114,ยา ไก่ชน ทวี ชัย 03,30,฿0,100,36
1115,ไก่ชน ฉลอง ชัย,30,฿0,1,13
1116,ไก่ชน ภาค ใต้ ไก่เดือย,30,฿0,51,21
1117,รักษา ตาปลา ไก่ชน,30,฿0,15,18
1118,ไก่ชน ไทย พม่า,30,฿0,18,19
1119,แนวทางการเลี้ยง ไก่ชน ขาย,30,฿0,33,24
1120,ขาย ไก่ชน ฟรี,30,฿1.31,8,16
1121,ตำนาน ไก่ชน,30,฿0,25,26
1122,เพลง ไก่ชน คาราบาว,30,฿0,2,14
1123,การ คัด ไก่ชน,30,฿0,1,14
1124,ไก่ชน เงินล้าน เท อด ไท,30,฿0,1,5
1125,แนวทาง การ เลี้ยง ไก่ชน ขาย,30,฿0,43,19
1126,อนุบาล ไก่ชน,30,฿0,1,18
1127,เวย์มิกซ์ ไก่ชน,30,฿7.10,33,29
1128,ชนไก่ ภาษาอังกฤษ,30,฿0,1,32
1129,ไก่ชน พม่า ม้าล่อ ยาว,30,฿0,89,32
1130,ค ลิบ ไก่ชน เงิน ล้าน,30,฿0,1,5
1131,ยา บํา รุ ง ไก่ชน เม็ดเดียว,30,฿0,100,36
1132,ขาย ยา ไก่ชน ผิด กฎหมาย ไหม,30,฿0,1,6
1133,โกโก้ ไก่ชน,30,฿0,1,18
1134,การ คัดเลือก ไก่ชน,30,฿0,7,16
1135,การ รักษา ไก่ชน,30,฿0,1,14
1136,แข่ง ไก่ชน,30,฿0,8,73
1137,สูตร ยา เลี้ยง ไก่ชน,30,฿1.06,79,29
1138,น้ํา รพีพัฒน์ ไก่ชน,30,฿0,1,14
1139,ฟาร์ม ไก่ชน โร โบ ค๊ อก,30,฿0,1,5
1140,ไก่ชน ป่า ก อย,30,฿0,4,7
1141,ไก่ชน 26 ล้าน,30,฿0,2,14
1142,กลูโคส ไก่ชน,30,฿0,5,20
1143,รูป ไก่ชน สวย,30,฿0,1,13
1144,เพลง ไก่ชน คารา บา ว,30,฿0,5,7
1145,ไก่ชน ที่ ดี,30,฿0,1,14
1146,ไก่ชน ที่ สวย ที่สุด,30,฿0,9,8
1147,กติกา ไก่ชน สนาม เทิด ไท,30,฿0,1,5
1148,ขาย อุปกรณ์ ไก่ชน ราคา ถูก,30,฿1.19,100,36
1149,ตัวแทน จำหน่าย อาหาร ไก่ชน cp,20,฿0,60,24
1150,นิตยสาร เซียน ไก่ชน,20,฿0,1,13
1151,พันธ์ ไก่ชน,20,฿7.74,1,19
1152,บอด ซื้อขาย ไก่ชน ฟรี,20,฿0,1,5
1153,ตลาด ไก่ชน ต่างประเทศ,20,฿0,1,14
1154,ไก่ชน ประเทศ พม่า,20,฿0.17,10,17
1155,ไก่ชน พ มา,20,฿0,1,13
1156,สาย พันธ์ ไก่ชน,20,฿0,1,14
1157,รับ ผลิต ยา ไก่ชน,20,฿8.05,69,26
1158,ไก่ชน ภาษาอังกฤษ pantip,20,฿0,1,13
1159,ไก่ชน ป่า ก๋อย ลำพูน,20,฿0,56,22
1160,หาง ไก่ชน,20,฿0,46,32
1161,ถ่ายทอดสด สนาม ไก่ชน มหาลาภ,20,฿0,1,5
1162,อุปกรณ์ ออกกำลัง ไก่ชน,20,฿0,90,41
1163,ค ริ ป ไก่ชน,20,฿0,1,5
1164,ทํา ลู่ วิ่ง ไก่ชน,20,฿0,100,36
1165,มวยไทย ไก่ชน,20,฿0,1,19
1166,การ เลี้ยง ไก่ชน เงิน ล้าน,20,฿0,1,5
1167,เกมส์ ไก่ชน 2 คน,20,฿0,1,5
1168,เพลง นักเลง ไก่ชน,20,฿0,1,13
1169,โรงงาน ผลิต กล่อง กระดาษ ใส่ ไก่ชน,20,฿21.09,86,31
1170,ไก่ชน อุดรธานี,20,฿0,51,34
1171,ซื่อ ขาย ไก่ชน,20,฿0,1,13
1172,ชนิด ไก่ชน,20,฿0,1,18
1173,ไก่ชน ออนไลน์ facebook,20,฿0,1,13
1174,ซื้อขาย ไก่ชน พิษณุโลก,20,฿0,100,44
1175,รับ ผลิต อาหาร เสริม ไก่ชน,20,฿41.86,94,34
1176,รับผลิตยา ไก่ชน,20,฿9.64,84,44
1177,การ ซ้อม ไก่ชน,20,฿0,15,18
1178,ประมูล ไก่ชน ออนไลน์,20,฿0,86,39
1179,ไก่ชน พม่า ม้าล่อ รําวง,20,฿0,70,27
1180,แผน ธุรกิจ ไก่ชน,20,฿0,23,20
1181,วิตามิน บํารุง ไก่ชน,20,฿0,100,44
1182,การ พัฒนา ไก่ชน,20,฿0,2,14
1183,ไก่ชน วัง น้ำ ลี้,20,฿0,1,5
1184,ไก่ชน ipm,20,฿0,2,19
1185,ซื้อขาย ไก่ชน โคราช,20,฿0,94,42
1186,muaystep2 ไก่ชน,20,฿0,1,18
1187,ไก่ชน ufabet,20,฿25.46,25,26
1188,ช่อง รวม มิตร ไก่ชน,20,฿0,1,5
1189,เว ป ไก่ชน ออนไลน์,20,฿12.42,31,15
1190,การ ผสม พัน ไก่ชน,20,฿0,1,6
1191,ไก่ชน ไทย ประดู่หางดํา,20,฿0,1,13
1192,ไก่ชน สาย ใต้,20,฿0,3,15
1193,ไก่ชน กรุงเทพ,20,฿0,2,19
1194,ตุ๊กตา ซ้อม ไก่ชน,20,฿0,100,44
1195,ราคา ไก่ชน ป่า ก๋อย,20,฿0,1,6
1196,เกล็ดดาวล้อมเดือน ไก่ชน,20,฿0,1,18
1197,การ ต่อ รอง ราคา ไก่ชน,20,฿0.78,17,11
1198,การ เลียง ไก่ชน,20,฿0,1,13
1199,วิธีรักษา ไก่ชน,20,฿0,94,47
1200,ร้าน ขาย ยา ไก่ชน เชียงใหม่,20,฿0,8,8
1201,ตัวอย่าง การ ทำ ประวัติ ไก่ชน,20,฿0,100,36
1202,ยา ไก่ชน p one,20,฿0,100,36
1203,ไก่ชน youtube,20,฿0,2,19
1204,ขายส่ง มุ้ง ไก่ชน,20,฿1.27,100,44
1205,ไก่ชน 2560,20,฿0,1,18
1206,การ ให้ น้ำ ไก่ชน,20,฿0,1,5
1207,ชมรม คน รัก ไก่ชน,20,฿0,1,5
1208,ยาหยอดหู ไก่ชน,20,฿1.35,100,49
1209,ไก่ชน 22ล้าน,20,฿0,56,35
1210,ไก่ชน อเมริกา,20,฿0,2,19
1211,ไก่ชน ไก่เดือย,20,฿0,10,22
1212,เรื่อง ไก่ชน,20,฿0,26,26
1213,ไก่ชน 10 ล้าน,20,฿0,1,14
1214,ไก่ชน 2562,20,฿2.01,21,25
1215,เปิด ร้าน ขาย อุปกรณ์ ไก่ชน ต้อง ทํา ไง,10,฿0,25,13
1216,ไก่ชน ยอด นิยม,10,฿0,14,18
1217,ไก่ชน เมือง ไทย,10,฿0,1,13
1218,ไก่ชน เงิน,10,฿0,7,21
1219,เศษ สี ไก่ชน,10,฿0,3,15
1220,เพจ ทีเด็ด ไก่ชน,10,฿0,1,13
1221,ไก่ชน พันธุ์ ก๋อย,10,฿0,24,21
1222,ราคา ต่อ รอง ไก่ชน ส มี สุวรรณ,10,฿0,77,29
1223,ไฮ ไล่ ท์ ไก่ชน เจ้าแดงหล่อ,10,฿0,1,63
1224,คิ บ ไก่ชน,10,฿0,1,13
1225,ยา ไก่ชน ซั ป เปอร์ ส ตา ร์,10,฿13.63,82,30
1226,การ เลื้ ยง ไก่ชน,10,฿0,1,5
1227,ไก่ชน 100,10,฿0,4,20
1228,ช่องipmไก่ชน,10,฿0,1,31
1229,บริษัท ยา ไก่ชน,10,฿5.50,76,37
1230,ไก่ชน ออนไลน์ v2,10,฿0,1,13
1231,อาชีพ เลี้ยง ไก่ชน ขาย,10,฿0,1,5
1232,เคล็ด ลับ ไก่ชน,10,฿0,100,44
1233,เกมใหม่ pg ไก่ชน,10,฿0,26,21
1234,เว็บ แทง ไก่ชน ไทย,10,฿11.38,8,8
1235,ไก่ชน ไทย แลน,10,฿0,1,13
1236,อาหาร ไก่ชน เสือใหญ่ ราคา,10,฿0.01,77,29
1237,ตาราง ซ้อม ไก่ชน,10,฿0,6,15
1238,อุปกรณ์ ไก่ชน นนทบุรี,10,฿0,16,19
1239,ยา เพิ่ม พลัง ไก่ชน,10,฿0,1,5
1240,ไก่ชน ขาย ถูก,10,฿0.24,15,18
1241,ขาย ไก่ชน 2562,10,฿0,1,13
1242,ไก่ชน 2019,10,฿0,14,23
1243,ไก่ชน ง่อน พม่า,10,฿0,98,43
1244,ไก่ชน 300,10,฿0,1,50
1245,เว็บพนัน ไก่ชน ภาคใต้,10,฿0,1,35
1246,ไก่ชน 60,10,฿0,1,18
1247,p booster ไก่ชน,10,฿0,1,13
1248,โรงงาน รับผลิตยา ไก่ชน,10,฿0,100,44
1249,หนังสือ สมุนไพร ไก่ชน,10,฿2.37,96,42
1250,คารา บา ว ไก่ชน,10,฿0,1,5
1251,ลูก ฟาร์ม ไก่ชน 61,10,฿0,1,5
1252,วิธี ทํา รองเท้า ไก่ชน,10,฿0,21,12
1253,เอ็นเนอร์จี้ ไก่ชน,10,฿1.14,85,44
1254,ตาลมูก ไก่ชน,10,฿0,67,39
1255,ไก่ชน ช่อง ipm,10,฿0,1,13
1256,วิดีโอ ไก่ชน,10,฿0,1,18
1257,ไก่ชน คน ออ น ไล,10,฿0,1,5
1258,จตุรงค์ฟาร์ม ไก่ชน,10,฿0,1,18
1259,ไก่ชน พม่า ก๋อย ชน ชนะ 17 นาที,10,฿0,1,5
1260,นิตยสาร ไก่ชน อาเซียน,10,฿0,1,13
1261,ไก่ชน สยาม ถ่ายทอดสด,10,฿0,1,13
1262,สาระ ไก่ชน,10,฿0,1,19
1263,ยู ทู ป ไก่ชน,10,฿0,1,5
1264,อาหาร ไก่ชน ซี พี ราคา,10,฿0,96,34
1265,สูตร ยา ไก่ชน โบราณ,10,฿0,100,36
1266,ราคา กล่อง ใส่ ไก่ชน,10,฿0,46,19
1267,ไก่ชน ชื่อ ดัง,10,฿6.18,18,19
1268,ไก่ชน ออ น ลาย,10,฿0,1,5
1269,ไก่ชน 62,10,฿0,42,31
1270,ไก่ชน ไทย ประดู่ หาง ดำ,10,฿0,1,5
1271,เพจ แวดวง ไก่ชน,10,฿0,1,13
1272,รอย ลาย ไก่ชน 2017,10,฿0,1,5
1273,สูตรสมุนไพร ไก่ชน,10,฿0,83,43
1274,ไก่ชน สุ รัส สา ฟาร์ม,10,฿0,1,5
1275,นิ้ว ไก่ชน,10,฿0,11,22
1276,ซุ้ม ขาย ไก่ชน,10,฿1.05,16,19
1277,ราคา ต่อ รอง ไก่ชน 5 4,10,฿0,1,6
1278,อาหาร ไก่ชน เสือใหญ่ สูตร 1,10,฿0,89,32
1279,ไก่ชน สารภี เชียงใหม่,10,฿0,39,25
1280,ไก่ชน 200 ล้าน,10,฿0,4,15
1281,อุปกรณ์ ซ้อม ไก่ชน,10,฿0.57,100,44
1282,วิธี เย็บ ตา ไก่ชน,10,฿0,9,8
1283,นิตยสาร ข่าว ไก่ชน,10,฿0,1,13
1284,ข่าว วงการ ไก่ชน,10,฿0,1,13
1285,ไก่ชน 15 ล้าน,10,฿0,1,13
1286,ตีแรง ไก่ชน,10,฿2.81,52,34
1287,ไก่ชน ก๋อย ตราด ญี่ปุ่น,10,฿0,1,5
1288,รับผลิตอาหารเสริม ไก่ชน,10,฿61.47,98,48
1289,ไก่ชน ออนไลน์ ถ่ายทอด สด,10,฿0,1,5
1290,ไก่ชน ชนไก่,10,฿0,17,24
1291,รักษา แข้ง ไก่ชน,10,฿0,82,38
1292,วิธีต่อรอง ไก่ชน,10,฿0,1,18
1293,ไก่ชน หงอน ดำ รักษา,10,฿0,100,36
1294,ไก่ชน บ่อน,10,฿0,71,40
1295,ซุ้ม ไก่ชน เมืองเหนือ,10,฿0,30,23
1296,ค ลิบ ไก่ชน ใต้,10,฿0,1,5
1297,ไก่ชน 4 ล้าน,10,฿0,1,13
1298,ไก่ชน สวย เก่ง,10,฿0,28,22
1299,ราคา ไก่ชน พม่า 100,10,฿0,1,5
1300,ไก่ชน30ล้าน,10,฿0,12,35
1301,รักษา ไก่ชน เดือย หัก,10,฿0,1,5
1302,hi sport face book ไก่ชน,10,฿0,1,5
1303,อาหาร ไก่ชน cp สูตร 1 ราคา,10,฿0,80,30
1304,ราคา ต่อ รอง ไก่ชน 10 9,10,฿0,1,5
1305,ไก่ชน olx,10,฿0,1,18
1306,หญ้าแห้วหมู บำรุง ไก่ชน,10,฿0,43,26
1307,ไก่ชน แอ๊ด,10,฿0,1,18
1308,ยุทธ จักร ไก่ชน โก ว เซ้ ม ฟาร์ม,10,฿0,1,5
1309,งาน ประกวด ไก่ชน 2562,10,฿0,1,5
1310,เกม ตี ไก่ชน,10,฿0,1,14
1311,การเลี้ยง ไก่ชน ไทย,10,฿0,66,34
1312,ไก่ชน 30 ล้าน,10,฿0,1,13
1313,ข่าว สนาม ไก่ชน,10,฿0,1,13
1314,ไก่ชน cp หนองจอก,10,฿0,21,20
1315,ช่อง ไก่ชน ออนไลน์,10,฿0,1,13
1316,ดู ไก่ชน ไทย,10,฿0,83,38
1317,ไก่ชน พม่า หัวจุก ดี ไหม,10,฿0,82,30
1318,ไก่ชน pdf,10,฿0,1,18
1319,เกม ไก่ชน ออนไลน์,10,฿25.39,35,24
1320,ไก่ชน video,10,฿0,1,18
1321,ร้าน ขาย ยา ไก่ชน กรุงเทพ,10,฿0,28,14
1322,ยา ฉีด เลี้ยง ไก่ชน,10,฿0.16,100,36
1323,ไก่ชน พัน ดุ,10,฿0,43,26
1324,clip ไก่ชน,10,฿0,9,21
1325,ทํา ฟาร์ม ไก่ชน ดี ไหม,10,฿0,1,5
1326,ไก่ชน facebook,10,฿0,2,19
1327,วิธี ชนไก่,10,฿0,7,21
1328,ไก่ชน ป่า ก๋อย ตราด,10,฿0,14,10
1329,วิธี ดู เชิง ไก่ชน,10,฿0,7,8
1330,แวดวง ไก่ชน ส มี สุวรรณ,10,฿0,1,5
1331,ไก่ชน ครู นิ่ม,10,฿0,1,13
1332,ดู ไก่ชน อินเตอร์ ฟาร์ม ล่าสุด,10,฿0,1,5
1333,เพลง ไก่ชน คนด่านเกวียน,10,฿0,1,13
1334,การ เพิ่ม น้ำหนัก ไก่ชน,10,฿19.76,20,12
1335,ทีวี ไก่ชน,10,฿0,14,23
1336,ไก่ชน 50 ล้านวันนี้,10,฿0,1,13
1337,ยารักษา กลากเกลื้อน ไก่ชน,10,฿6.29,100,44
1338,เรียน รู้ วิธีเล่น ไก่ชน,10,฿0.59,19,11
1339,เว บ ไก่ชน,10,฿0,12,17
1340,ขาย ไก่ชน พม่า บราซิล,10,฿0,1,5
1341,คน ไก่ชน,10,฿0,1,18
1342,ไก่ชน อุบล,10,฿0,4,20
1343,ไก่ชน mp3,10,฿0,1,18
1344,โรงงาน รับ ผลิต ยา ไก่ชน,10,฿12.11,88,32
1345,ไก่ชน เหล่าเขาชนกัน,10,฿0,1,18
1346,ไก่ชน เงิน ล้าน 2017,10,฿0,1,5
1347,ยา ไก่ชน ไฟเตอร์ เอ,10,฿0,100,36
1348,ไก่ชน สนาม ภาคใต้,10,฿0,1,14
1349,โปรแกรม ทํา วัคซีน ไก่ชน,10,฿0,28,14
1350,ไก่ชน ไก่,10,฿0,23,26
1351,โครง งาน ไก่ชน,10,฿0,1,13
1352,ดู ไก่ชน ลำพูน,10,฿0,1,13
1353,่ ไก่ชน,10,฿0,4,20
1354,รับสมัครมือน้ำ ไก่ชน,10,฿0,1,18
1355,ถ่ายทอดสด ไก่ชน สนาม ชนะ ชัย อ โยธ ยา,10,฿0,1,5
1356,pg ไก่ชน,10,฿21.43,6,20
1357,ชนไก่ คนชัยภูมิ,10,฿0,1,18
1358,นิตยสาร เพื่อน ไก่ชน,10,฿0,4,15
1359,ไก่ชน 2017,10,฿0,100,49
1360,ฟาร์ม ไก่ชน แอ๊ด คารา บา ว,10,฿0,14,10
1361,เร ต ราคา ไก่ชน,10,฿2.68,17,11
1362,เลี้ยง ไก่ชน เงินล้าน,10,฿0,1,13
1363,เลี้ยง ไก่ชน ขาย ดี ไหม,10,฿0,1,6
1364,ไก่ชน ตรัง,10,฿0,75,41
1365,ไก่ชน แคระ american game,0,฿0,1,4
1366,ไก่ชน chicken,0,฿0,1,17
1367,สมัครสมาชิก ไก่ชน,0,฿0,1,17
1368,y ไก่ชน,0,฿0,1,17
1369,ไก่ชน 500 บาท,0,฿0,1,12
1370,ลูก ฟาร์ม ไก่ชน rh www kaichoninter com,0,฿0,1,4
1371,ไก่ชน เงิน ล้าน ถ่ายทอด สด ล่าสุด วัน นี้,0,฿0,1,4
1372,ไก่ชน ไทยรัฐ,0,฿0,1,17
1373,ไก่ชน 50 ล้าน ราคา,0,฿0,1,4
1374,สมุนไพรบํารุงเลือด ไก่ชน,0,฿0,1,17
1375,บ่อน ไก่ชน ทุ่งเสลี่ยม,0,฿0,1,12
1376,ยา ไก่ชน มี อะไร บาง,0,฿0,1,4
1377,ไก่ชน สล็อต,0,฿0,1,17
1378,เครื่อง วิ่ง ไก่ชน เครื่อง วิ่ง ออกกําลัง ไก่ชน,0,฿0,1,54
1379,ไก่ชน in english,0,฿0,1,12
1380,ถอนขน คอ ไก่ชน,0,฿0,1,12
1381,ไก่ชน ลูกผสม ไทย ญี่ปุ่น,0,฿0,1,4
1382,กล่องอุปกรณ์ ไก่ชน,0,฿0,1,17
1383,โปรโมชั่น ไก่ชน,0,฿0,1,17
1384,สมุนไพรบํารุงตับ ไก่ชน,0,฿0,1,17
1385,ไก่ชน 50 ล้าน pantip,0,฿0,1,4
1386,ชนไก่ 72 ล้าน,0,฿0,1,12
1387,ไก่ชน แข้ง พิฆาต,0,฿0,1,12
1388,ไก่ชน ช่อง hi sport,0,฿0,1,4
1389,ชนไก่ ผิดกฎหมายหรือไม่,0,฿0,1,17
1390,ชนไก่ บาปไหม,0,฿0,1,17
1391,ไก่ชน ai,0,฿0,1,17
1392,ไก่ชน เจ้าอินทรีแดง,0,฿0,1,17
1393,ชนไก่ สนาม ทุ่งสง,0,฿0,1,46
1394,nichapon ไก่ชน,0,฿0,1,17
1395,ชนไก่ ผิดกฎหมายไหม,0,฿0,1,17
1396,ไก่ชน สนาม ทุ่งสง วัน นี้,0,฿0,1,4
1397,ไก่ชน image,0,฿0,1,17
1398,บ่อน ไก่ชน อ่างทอง,0,฿0,1,12
1399,โปรแกรม ไก่ชน ออนไลน์,0,฿0,1,12
1400,ไฮ ไล่ ท์ ไก่ชน ล่าสุด,0,฿0,1,33
1401,กฎหมาย ชนไก่,0,฿0,1,17
1402,ไก่ชน 50 ล้านใครชนะ,0,฿0,1,12
1403,วิธี ราคา ต่อ รอง ไก่ชน,0,฿0,1,4
1404,ไก่ชน roster,0,฿0,1,17
1405,ไก่ชน live,0,฿0,1,17
1406,party ไก่ชน,0,฿0,1,17
1407,ไก่ชน vs ไก่แจ้,0,฿0,1,12
1408,ไก่ชน 10 นิ้ว,0,฿0,1,12
1409,การ เลี้ยง ไก่ชน จา อดีต มือ นำ,0,฿0,1,4
1410,ผสม ยา ไก่ชน,0,฿0,1,12
1411,ไก่ชน พม่า วง กา รัน ตี,0,฿0,1,4
1412,ยูฟ่าเบท ไก่ชน,0,฿0,1,41
1413,ไก่ชน wiki,0,฿0,1,17
1414,ไก่ชน คาราบาว 4sh,0,฿0,1,12
1415,ไก่ชน fa,0,฿0,1,17
1416,meeboard ไก่ชน,0,฿0,1,17
1417,ไก่ชน ออนไลน์ ภาษา อังกฤษ,0,฿0,1,4
1418,แทง ชนไก่,0,฿0,1,17
1419,เทพธิดา ไก่ชน,0,฿0,1,17
1420,ชนไก่ ทุ่งสง,0,฿0,1,17
1421,ไก่ชน 22 ล้าน ใครชนะ,0,฿0,1,4
1422,ชนไก่ ผิดกฎหมาย,0,฿0,1,54
1423,ไก่ชน ลุง จู เชียงราย,0,฿0,1,4
1424,5 4 รอง ไก่ชน,0,฿0,1,4
1425,ไก่ชน internet,0,฿0,1,17
1426,app ไก่ชน,0,฿0,1,17
1427,เล่น พนัน ไก่ชน,0,฿0,1,12
1428,fifa555 ไก่ชน,0,฿0,1,17
1429,k booster ไก่ชน ราคา,0,฿0,1,4
1430,ไก่เงินไก่ทอง ไก่ชน,0,฿0,1,17
1431,ชนไก่ บาป,0,฿0,1,17
1432,ราคา ต่อ รอง ไก่ชน พร้อม แปล,0,฿0,1,4
1433,คอร์ด เพลง ไก่ชน 2000,0,฿0,1,4
1434,สมศักดิ์ เทพสุทิน ไก่ชน,0,฿0,1,12
1435,วงการ ไก่ชน วัน นี้,0,฿0,1,4
1436,ไก่ชน ป๋าจริง วัน นี้,0,฿0,1,4
1437,ยา ไก่ชน ไฟท์เตอร์ เอ,0,฿0,1,4
1438,กติกา ไก่ชน ออนไลน์,0,฿0,1,12
1439,จับ บ่อน ไก่ชน นครปฐม,0,฿0,1,4
1440,ไก่ชน ufa,0,฿0,1,17
1441,ยา ng ไก่ชน,0,฿0,1,12
1442,ไก่ชน inter,0,฿0,1,17
1443,ไก่ชน 7766,0,฿0,1,17
1444,ทํา ยา ไก่ชน ขาย,0,฿0,1,4
1445,ไก่ชน ทีเด็ด 99,0,฿0,1,12
1446,ไก่ชน cp บ้านบึง,0,฿0,1,12
1447,ตลาด ไก่ชน หนุ่มโรงหมี่ เจ้า ขาว จ้าว,0,฿0,1,4
1448,ข้าวเปลือก ไก่ชน เชียงราย,0,฿0,1,12
1449,ซุ้ม ไก่ชน จักรินฟาร์ม,0,฿0,1,12
1450,วิธี เพาะ ไก่ชน พม่า ม้าล่อ,0,฿0,1,4
1451,โปรแกรม ไก่ชน สนาม บางเลน,0,฿0,1,4
1452,ทีเด็ด ไก่ชน สด,0,฿0,1,12
1453,sbobet ไก่ชน,0,฿0,1,17
1454,สังเวียน ไก่ชน 8 เมตร,0,฿0,1,4
1455,ไก่ชน vs เหยี่ยว,0,฿0,1,12
1456,ไก่ชน 11 ล้าน,0,฿0,1,12
1457,ไก่ชน เงินเดิมพัน,0,฿0,1,17
1458,ไก่ชน hi sport,0,฿0,1,12
1459,ไก่ชน google,0,฿0,1,17
1460,สี เสื้อ ไป ชนไก่,0,฿0,1,4
1461,ไก่ชน บ่อน ฉัตร ชัย,0,฿0,1,4
1462,ชนไก่ เล่น ยัง ไง,0,฿0,1,4
1463,ชนไก่ 70,0,฿0,1,17
1464,จุกเทพ ไก่ชน,0,฿0,1,17
1465,พม่าตีเชิง ไก่ชน,0,฿0,1,17
1466,l ไก่ชน,0,฿0,1,17
1467,ลูก ฟาร์ม ไก่ชน 62,0,฿0,1,4
1468,tv ไก่ชน,0,฿0,1,17
1469,ไก่ชน ฝรั่งเศส,0,฿0,1,17
1470,สูตร แทง ไก่ชน,0,฿0,1,12
1471,ปลาบิน ไก่ชน,0,฿0,1,17
1472,ศัพท์ ไก่ชน,0,฿0,1,17
1473,ราคา ต่อ รอง ไก่ชน คิด ยัง ไง,0,฿0,1,4
1474,สนาม ไก่ชน ตรัง,0,฿0,1,12
1475,ขาย ไก่ชน ชัยนาท,0,฿0,1,12
1476,แทง วัวชน ไก่ชน มวย กีฬา ออนไลน์ เริ่มต้น 10 บาท,0,฿0,1,36
1477,swot ไก่ชน,0,฿0,1,17
1478,ไก่ชน birthday,0,฿0,1,17
1479,เว็บ เดิมพัน ไก่ชน ไทย,0,฿0,1,4
1480,ไก่ชน eng,0,฿0,1,17
1481,ไก่ชน 33 ล้าน 7 แสน,0,฿0,1,4
1482,อาหาร ไก่ชน 3 เดือน,0,฿0,1,4
1483,ไก่ชน ลูกผสม ญี่ปุ่น,0,฿0,1,12
1484,ชนไก่ ฟิลิปปินส์,0,฿0,1,69
1485,ไก่ชน nft,0,฿0,1,17
1486,ซุ้ม ไก่ชน หนุ่มโรงสี,0,฿0,1,12
1487,ไก่ชน อาหารไก่,0,฿0,1,17
1488,ชนไก่ 50 ล้านสด,0,฿0,1,12
1489,ไก่ชน ออนไลน์ คือ,0,฿0,1,12
1490,ลําปํา ไก่ชน,0,฿0,1,17
1491,ไก่ชน 12 ล้าน,0,฿0,1,12
1492,love yourself ไก่ชน,0,฿0,1,12
1493,ไก่ชน 33 ล้านยกที่3,0,฿0,1,12
1494,ไก่ชน เล่นยังไง,0,฿0,1,17
1495,ไก่ชน hồ chicken,0,฿0,1,12
1496,ไก่ชน v2,0,฿0,1,17
1497,extrasure ไก่ชน,0,฿0,1,17
1498,tattoo ไก่ชน,0,฿0,1,17
1499,ถ่ายทอดสด ไก่ชน ทุก สังเวียนดัง ล่าสุด,0,฿0,1,4
1500,แคลเซียม ผง สําหรับ ไก่ชน,0,฿0,1,4
1501,ไก่ชน ไทยไก่ชน ไทย,0,฿0,1,12
1502,ไก่ชน ไทย ภาษาอังกฤษ,0,฿0,1,12
1503,ไก่ชน เจ้าเสือดํา,0,฿0,1,17
1504,sport club live tvไก่ชน,0,฿0,1,4
1505,วิเคราะห์ ไก่ชน วัน นี้,0,฿0,1,4
1506,เจ้าป๊อกเด้ง ไก่ชน,0,฿0,1,17
1507,แวดวง ไก่ชน รายการ ถ่ายทอด สด วัน นี้,0,฿0,1,4
1508,ชนไก่ 70 ล้านสด,0,฿0,1,12
1509,ไฮ ไล ท์ ไก่ชน ล่าสุด สนาม ทายาทมังกร,0,฿0,1,35
1510,ผลิตภัณฑ์ บำรุง ไก่ชน,0,฿0,1,12
1511,ไก่ชน 61,0,฿0,1,17
1512,tag ไก่ชน,0,฿0,1,17
1513,ไก่ชน vs หมา,0,฿0,1,12
1514,ไก่ชน หยกคีรี vs หงส์ดํา,0,฿0,1,4
1515,พนัน ออนไลน์ ชนไก่,0,฿0,1,12
1516,การแทง ไก่ชน ออนไลน์,0,฿0,1,12
1517,ยา ไก่ชน ถล่ม โลก,0,฿0,1,4
1518,ไก่ชน wikipedia,0,฿0,1,17
1519,ไก่ชน species,0,฿0,1,17
1520,ั youtube ไก่ชน,0,฿0,1,12
1521,doctor ไก่ชน,0,฿0,1,17
1522,ไก่ชน 50 ล้าน ผล,0,฿0,1,4
1523,catosal ไก่ชน,0,฿0,1,17
1524,ไก่ชน draw,0,฿0,1,17
1525,ชนไก่ สด,0,฿0,1,17
1526,บ่อน ไก่ชน ชัยนาท,0,฿0,1,12
1527,บ่อน ไก่ชน ชลบุรี,0,฿0,1,12
1528,breed ไก่ชน,0,฿0,1,17
1529,ไก่ชน 50 ล้านเทิดไท,0,฿0,1,12
1530,ชนไก่ ถูกกฎหมาย,0,฿0,1,17
1531,เสื้อลายปัก ไก่ชน,0,฿0,1,17
1532,เลี้ยง ไก่ชน ยัง ไง ให้รวย,0,฿0,1,4
1533,ไก่ชน y8,0,฿0,1,17
1534,สมัคร เว็บ ไก่ชน,0,฿0,1,12
1535,ตลาด ไก่ชน สมุทรปราการ,0,฿0,1,12
1536,กล่องไม้สัก ไก่ชน,0,฿0,1,17
1537,ชนไก่ 70 ล้านใครชนะ,0,฿0,1,12
1538,ยา ไก่ชน กระเพาะ ไม่ย่อย,0,฿0,1,4
1539,ไก่ชน พม่า ง่อน บราซิล,0,฿0,1,4
1540,ไก่ชน พม่า รําวง แข้งหน้าจัด,0,฿0,1,4
1541,ไก่ชน พม่า ม้าล่อ ลําพูน,0,฿0,1,4
1542,อาหาร ไก่ชน ขุนศึก ราคา,0,฿0,1,4
1543,ไก่ชน ช่อง 61,0,฿0,1,12
1544,ไก่ชน เยียร์ก้าวหน้า,0,฿0,1,17
1545,ไก่ชน พม่า ลักษณะ,0,฿0,1,12
1546,ไก่ชน พม่า 4 เดือน,0,฿0,1,4
1547,ไก่ชน pakim,0,฿0,1,17
1548,ไก่มงคล ไก่ชน,0,฿0,1,17
1549,id line ไก่ชน,0,฿0,1,12
1550,เพจ ถ่ายทอดสด ไก่ชน วันนี้ 70 ล้าน,0,฿0,1,4
1551,ชนไก่ 30 ล้าน,0,฿0,1,12
1552,การ ต่อ การ รอง ไก่ชน,0,฿0,1,4
1553,ยา ไก่ชน ซุปเปอร์ ค็ อก ทวี ชัย,0,฿0,1,4
1554,ไก่ชน ราคาดี,0,฿0,1,17
1555,ลูก ฟาร์ม ไก่ชน 2560,0,฿0,1,4
1556,ไก่ชน999,0,฿0,1,59
1557,youlike ไก่ชน,0,฿0,1,56
1558,hbd ไก่ชน,0,฿0,1,17
1559,ไก่ชน drawing,0,฿0,1,17
1560,เว็บ พนัน ไก่ชน ไทย,0,฿0,1,4
1561,น้องมด ไก่ชน,0,฿0,1,17
1562,wheymix ไก่ชน,0,฿0,1,17
1563,ถ่ายทอดสด ไก่ชน ช่อง 61,0,฿0,1,4
1564,ไก่ชน ok,0,฿0,1,17
1565,รับ สมัคร ลูก ฟาร์ม ไก่ชน 2561,0,฿0,1,4
1566,ชนไก่ คําคม นักเลง ไก่ชน,0,฿0,1,32
1567,เจ้า หยก คีรี ไก่ชน เงิน ล้าน ถ่ายทอด สด ล่าสุด,0,฿0,1,4
1568,เจ้า ระนาดเอก ไก่ชน,0,฿0,1,12
1569,x ไก่ชน,0,฿0,1,17
1570,ไฮ ไล ท์ ไก่ชน 50 ล้าน,0,฿0,1,4
1571,ไก่ชน pg,0,฿0,1,17
1572,ไก่ชน ไทย net เอ พี ฟาร์ม,0,฿0,1,4
1573,อาหาร ไก่ชน cp สูตร 3 ราคา,0,฿0,1,4
1574,ชนไก่ กรรม,0,฿0,1,17
1575,ไก่ชน m16,0,฿0,1,17
1576,หมา ไก่ชน,0,฿0,1,17
1577,ไก่ชน logo,0,฿0,1,17
1578,ไก่ชน ok google,0,฿0,1,12
1579,ไก่ชน ชอบจิก มือ,0,฿0,1,12
1580,ไก่ชน ถูกกฎหมาย,0,฿0,1,17
1581,ตลาด ไก่ชน หนุ่มโรงหมี่ เจ้า สา ยอดดอย,0,฿0,1,4
1582,ชนไก่ harvest moon,0,฿0,1,12
1583,ไก่ชน เยียร์เขียว,0,฿0,1,17
1584,ชนไก่ 70 ล้าน สด,0,฿0,1,4
1585,ธิดา ไก่ชน,0,฿0,1,17
1586,ชนไก่ 15 ล้าน,0,฿0,1,12
1587,ไก่ชน พม่า ผสมไทย,0,฿0,1,12
1588,ไก่ชน พม่า ม้าล่อ สั้น,0,฿0,1,4
1589,แข้ง ไก่ชน กา คาบ ไข่,0,฿0,1,4
1590,ชนไก่ 40 ล้าน,0,฿0,1,76
1591,ไก่ชน พม่า หนุ่ม,0,฿0,1,12
1592,ไก่ชน พม่า เบิ ร์ ด ส มี สุวรรณ,0,฿0,1,4
1593,ไก่ชน พม่า แบบ ไหน เก่ง,0,฿0,1,4
1594,การพัฒนา ไก่ชน พม่า ง่อน,0,฿0,1,4
1595,วางเดิมพัน ชนไก่,0,฿0,1,17
1596,ไฮ ไล ท์ ไก่ชน สนาม เจ้าคุณ ปู่,0,฿0,1,33
1597,วัวชน ไก่ชน ณ สนามชนไก่ดาวอังคาร,0,฿0,1,29
1598,ไก่ชน fighting,0,฿0,1,17
1599,การเล่น ไก่ชน ออนไลน์,0,฿0,1,12
1600,ไก่ชน psi,0,฿0,1,17
1601,สมุนไพร ไก่ชน k1,0,฿0,1,12
1602,ไก่ชน อายุ 6 เดือน,0,฿0,1,4
1603,ไก่ชน 13 ล้าน,0,฿0,1,12
1604,ชนไก่ อ่างทอง,0,฿0,1,17
1605,แข้ง ไก่ชน ตี เจ็บ,0,฿0,1,4
1606,สมัคร ไก่ชน,0,฿0,1,17
1607,เพลง เกี่ยว กับ ไก่ชน,0,฿0,1,4
1608,facebook ไก่ชน ญี่ปุ่น,0,฿0,1,12
1609,ยา ไก่ชน ปลา กั้ง,0,฿0,1,4
1610,เว็บเดิมพัน ไก่ชน,0,฿0,1,17
1611,ไก่ชน ใน ภาษาอังกฤษ,0,฿0,1,12
1612,สูตร ข้าวเปลือก ไก่ชน,0,฿0,1,12
1613,ไก่ชน เยีย ร์ เชียงใหม่,0,฿0,1,4
1614,ชนไก่ 50 ล้าน,0,฿0,1,12
1615,ผ้าอาบน้ํา ไก่ชน,0,฿0,1,17
1616,หนังสือ ไก่ชน ออนไลน์,0,฿0,1,12
1617,ไก่ชน พม่า ง่อน ป่า ก๋อย,0,฿0,1,4
1618,ไฮ ไล ท์ ไก่ชน ล่าสุด สนามทายาทมังกร,0,฿0,1,4
